DELETE FROM rhythm_bar_occurrences     WHERE rhythm_bar_id > 0;
DELETE FROM rhythm_feature_occurrences WHERE rhythm_feature_id > 0;
DELETE FROM rhythm_features            WHERE id > 0;


/* INSERT IGNORE rhythm_bars */
INSERT  IGNORE INTO `rhythm_bars` VALUES (1,'[{\"type\": \"bar\"}]',0,0,NULL);
INSERT  IGNORE INTO `rhythm_bars` VALUES (2,'[{\"type\": \"n\", \"value\": 4}]',1,0,NULL);
INSERT  IGNORE INTO `rhythm_bars` VALUES (3,'[{\"type\": \"r\", \"value\": 4}]',1,0,NULL);
INSERT  IGNORE INTO `rhythm_bars` VALUES (4,'[{\"type\": \"n\", \"value\": 2}]',2,0,NULL);
INSERT  IGNORE INTO `rhythm_bars` VALUES (5,'[{\"dot\": true, \"type\": \"n\", \"value\": 2}]',3,0,NULL);
INSERT  IGNORE INTO `rhythm_bars` VALUES (6,'[{\"type\": \"r\", \"value\": 2}]',2,0,NULL);
INSERT  IGNORE INTO `rhythm_bars` VALUES (7,'[{\"type\": \"n\", \"value\": 8}, {\"type\": \"n\", \"value\": 8}]',1,0,NULL);
INSERT  IGNORE INTO `rhythm_bars` VALUES (8,'[{\"type\": \"n\", \"value\": 8}, {\"type\": \"r\", \"value\": 8}]',1,0,NULL);
INSERT  IGNORE INTO `rhythm_bars` VALUES (9,'[{\"type\": \"r\", \"value\": 8}, {\"type\": \"n\", \"value\": 8}]',1,0,NULL);
INSERT  IGNORE INTO `rhythm_bars` VALUES (10,'[{\"type\": \"n\", \"value\": 8}, {\"type\": \"n\", \"value\": 4}, {\"type\": \"n\", \"value\": 8}]',2,0,NULL);
INSERT  IGNORE INTO `rhythm_bars` VALUES (11,'[{\"type\": \"n\", \"value\": 8}, {\"type\": \"n\", \"value\": 8}, {\"tie\": true, \"type\": \"n\", \"value\": 8}, {\"type\": \"n\", \"value\": 8}]',2,0,NULL);
INSERT  IGNORE INTO `rhythm_bars` VALUES (12,'[{\"type\": \"n\", \"value\": 8}, {\"type\": \"n\", \"value\": 8}, {\"type\": \"n\", \"value\": 8}, {\"type\": \"n\", \"value\": 8}, {\"tie\": true, \"type\": \"n\", \"value\": 8}, {\"type\": \"n\", \"value\": 8}, {\"type\": \"n\", \"value\": 8}, {\"type\": \"n\", \"value\": 8}]',4,0,NULL);
INSERT  IGNORE INTO `rhythm_bars` VALUES (13,'[{\"type\": \"n\", \"value\": 16}, {\"type\": \"n\", \"value\": 16}, {\"type\": \"n\", \"value\": 16}, {\"type\": \"n\", \"value\": 16}]',1,0,NULL);
INSERT  IGNORE INTO `rhythm_bars` VALUES (14,'[{\"type\": \"r\", \"value\": 8}, {\"type\": \"n\", \"value\": 16}, {\"type\": \"n\", \"value\": 16}]',1,0,NULL);
INSERT  IGNORE INTO `rhythm_bars` VALUES (15,'[{\"type\": \"n\", \"value\": 4}, {\"type\": \"bar\"}, {\"tie\": true, \"type\": \"n\", \"value\": 4}]',2,1,NULL);
INSERT  IGNORE INTO `rhythm_bars` VALUES (16,'[{\"type\": \"n\", \"value\": 8}, {\"type\": \"n\", \"value\": 8}, {\"type\": \"bar\"}, {\"tie\": true, \"type\": \"n\", \"value\": 8}, {\"type\": \"n\", \"value\": 8}]',2,1,NULL);
INSERT  IGNORE INTO `rhythm_bars` VALUES (17,'[{\"type\": \"n\", \"value\": 2}, {\"type\": \"bar\"}, {\"tie\": true, \"type\": \"n\", \"value\": 4}]',3,2,NULL);
INSERT  IGNORE INTO `rhythm_bars` VALUES (18,'[{\"type\": \"n\", \"value\": 4}, {\"type\": \"bar\"}, {\"tie\": true, \"type\": \"n\", \"value\": 2}]',3,1,NULL);
INSERT  IGNORE INTO `rhythm_bars` VALUES (19,'[{\"dot\": true, \"type\": \"n\", \"value\": 4}]',1.5,0,NULL);
INSERT  IGNORE INTO `rhythm_bars` VALUES (20,'[{\"dot\": true, \"type\": \"r\", \"value\": 4}]',1.5,0,NULL);
INSERT  IGNORE INTO `rhythm_bars` VALUES (21,'[{\"dot\": true, \"type\": \"n\", \"value\": 4}, {\"type\": \"bar\"}, {\"dot\": true, \"tie\": true, \"type\": \"n\", \"value\": 4}]',3,1.5,NULL);
INSERT  IGNORE INTO `rhythm_bars` VALUES (22,'[{\"dot\": true, \"type\": \"n\", \"value\": 4}, {\"type\": \"bar\"}, {\"dot\": true, \"tie\": true, \"type\": \"n\", \"value\": 2}]',4.5,1.5,NULL);
INSERT  IGNORE INTO `rhythm_bars` VALUES (23,'[{\"dot\": true, \"type\": \"n\", \"value\": 2}, {\"type\": \"bar\"}, {\"dot\": true, \"tie\": true, \"type\": \"n\", \"value\": 4}]',4.5,3,NULL);
INSERT  IGNORE INTO `rhythm_bars` VALUES (24,'[{\"dot\": true, \"type\": \"r\", \"value\": 2}]',3,NULL,NULL);
INSERT  IGNORE INTO `rhythm_bars` VALUES (25,'[{\"dot\": true, \"type\": \"n\", \"value\": 4}, {\"type\": \"n\", \"value\": 8}]',2,NULL,NULL);
INSERT  IGNORE INTO `rhythm_bars` VALUES (26,'[{\"type\": \"n\", \"value\": 8}, {\"dot\": true, \"type\": \"n\", \"value\": 4}]',2,NULL,NULL);
INSERT  IGNORE INTO `rhythm_bars` VALUES (27,'[{\"dot\": true, \"type\": \"r\", \"value\": 4}, {\"type\": \"n\", \"value\": 8}]',2,NULL,NULL);
INSERT  IGNORE INTO `rhythm_bars` VALUES (28,'[{\"type\": \"n\", \"value\": 8}, {\"dot\": true, \"type\": \"r\", \"value\": 4}]',2,NULL,NULL);
INSERT  IGNORE INTO `rhythm_bars` VALUES (29,'[{\"type\": \"n\", \"value\": 8}, {\"type\": \"n\", \"value\": 4}, {\"type\": \"n\", \"value\": 4}, {\"type\": \"n\", \"value\": 8}]',3,NULL,NULL);
INSERT  IGNORE INTO `rhythm_bars` VALUES (30,'[{\"type\": \"n\", \"value\": 2}, {\"type\": \"bar\"}, {\"tie\": true, \"type\": \"n\", \"value\": 8}, {\"type\": \"n\", \"value\": 8}]',3,2,NULL);
INSERT  IGNORE INTO `rhythm_bars` VALUES (31,'[{\"type\": \"n\", \"value\": 8}, {\"type\": \"n\", \"value\": 8}, {\"type\": \"bar\"}, {\"tie\": true, \"type\": \"n\", \"value\": 2}]',3,1,NULL);
INSERT  IGNORE INTO `rhythm_bars` VALUES (32,'[{\"dot\": true, \"type\": \"n\", \"value\": 4}, {\"type\": \"n\", \"value\": 8}, {\"type\": \"bar\"}, {\"tie\": true, \"type\": \"n\", \"value\": 4}]',3,2,NULL);
INSERT  IGNORE INTO `rhythm_bars` VALUES (33,'[{\"type\": \"n\", \"value\": 8}, {\"type\": \"n\", \"value\": 8}, {\"type\": \"bar\"}, {\"tie\": true, \"type\": \"n\", \"value\": 8}, {\"type\": \"n\", \"value\": 4}, {\"type\": \"n\", \"value\": 8}]',3,1,NULL);
INSERT  IGNORE INTO `rhythm_bars` VALUES (34,'[{\"type\": \"n\", \"value\": 8}, {\"type\": \"n\", \"value\": 8}, {\"type\": \"n\", \"value\": 8}]',1.5,0,NULL);
INSERT  IGNORE INTO `rhythm_bars` VALUES (35,'[{\"type\": \"n\", \"value\": 4}, {\"type\": \"n\", \"value\": 8}]',1.5,NULL,NULL);
INSERT  IGNORE INTO `rhythm_bars` VALUES (36,'[{\"type\": \"n\", \"value\": 8}, {\"type\": \"n\", \"value\": 4}]',1.5,NULL,NULL);
INSERT  IGNORE INTO `rhythm_bars` VALUES (37,'[{\"type\": \"r\", \"value\": 4}, {\"type\": \"n\", \"value\": 8}]',1.5,NULL,NULL);
INSERT  IGNORE INTO `rhythm_bars` VALUES (38,'[{\"type\": \"n\", \"value\": 8}, {\"type\": \"r\", \"value\": 4}]',1.5,NULL,NULL);
INSERT  IGNORE INTO `rhythm_bars` VALUES (39,'[{\"type\": \"n\", \"value\": 4}, {\"type\": \"n\", \"value\": 8}, {\"tie\": true, \"type\": \"n\", \"value\": 8}, {\"type\": \"n\", \"value\": 8}, {\"type\": \"n\", \"value\": 8}]',3,NULL,NULL);
INSERT  IGNORE INTO `rhythm_bars` VALUES (40,'[{\"dot\": true, \"type\": \"n\", \"value\": 2}, {\"type\": \"bar\"}, {\"type\": \"n\", \"value\": 8}, {\"type\": \"n\", \"value\": 8}, {\"type\": \"n\", \"value\": 8}]',4.5,3,NULL);
INSERT  IGNORE INTO `rhythm_bars` VALUES (41,'[{\"type\": \"n\", \"value\": 4}, {\"type\": \"n\", \"value\": 8}, {\"type\": \"bar\"}, {\"tie\": true, \"type\": \"n\", \"value\": 8}, {\"type\": \"n\", \"value\": 8}, {\"type\": \"n\", \"value\": 8}]',3,1.5,NULL);
INSERT  IGNORE INTO `rhythm_bars` VALUES (42,'[{\"dot\": true, \"type\": \"n\", \"value\": 4}, {\"type\": \"n\", \"value\": 8}, {\"tie\": true, \"type\": \"n\", \"value\": 4}]',3,NULL,NULL);
INSERT  IGNORE INTO `rhythm_bars` VALUES (43,'[{\"dot\": true, \"type\": \"r\", \"value\": 4}, {\"type\": \"n\", \"value\": 8}, {\"tie\": true, \"type\": \"n\", \"value\": 4}]',3,NULL,NULL);
INSERT  IGNORE INTO `rhythm_bars` VALUES (44,'[{\"type\": \"n\", \"value\": 16}, {\"type\": \"n\", \"value\": 16}, {\"type\": \"n\", \"value\": 16}, {\"type\": \"n\", \"value\": 16}]',1,NULL,NULL);
INSERT  IGNORE INTO `rhythm_bars` VALUES (45,'[{\"type\": \"n\", \"value\": 4}, {\"tie\": true, \"type\": \"n\", \"value\": 8}, {\"type\": \"n\", \"value\": 16}, {\"type\": \"n\", \"value\": 16}]',2,NULL,NULL);
INSERT  IGNORE INTO `rhythm_bars` VALUES (46,'[{\"dot\": true, \"type\": \"n\", \"value\": 8}, {\"type\": \"n\", \"value\": 16}]',1,NULL,NULL);
INSERT  IGNORE INTO `rhythm_bars` VALUES (47,'[{\"dot\": true, \"type\": \"r\", \"value\": 8}, {\"type\": \"n\", \"value\": 16}]',1,NULL,NULL);
INSERT  IGNORE INTO `rhythm_bars` VALUES (48,'[{\"type\": \"n\", \"value\": 8}, {\"type\": \"n\", \"value\": 16}, {\"type\": \"n\", \"value\": 16}]',1,NULL,NULL);
INSERT  IGNORE INTO `rhythm_bars` VALUES (49,'[{\"type\": \"n\", \"value\": 4}, {\"dot\": true, \"tie\": true, \"type\": \"n\", \"value\": 8}, {\"type\": \"n\", \"value\": 16}]',2,NULL,NULL);
INSERT  IGNORE INTO `rhythm_bars` VALUES (50,'[{\"type\": \"n\", \"value\": 8}, {\"type\": \"n\", \"value\": 4}, {\"type\": \"n\", \"value\": 16}, {\"type\": \"n\", \"value\": 16}]',2,NULL,NULL);
INSERT  IGNORE INTO `rhythm_bars` VALUES (51,'[{\"type\": \"n\", \"value\": 16}, {\"type\": \"n\", \"value\": 16}, {\"type\": \"n\", \"value\": 4}, {\"type\": \"n\", \"value\": 8}]',2,NULL,NULL);
INSERT  IGNORE INTO `rhythm_bars` VALUES (52,'[{\"type\": \"n\", \"value\": 4}, {\"tie\": true, \"type\": \"n\", \"value\": 16}, {\"type\": \"n\", \"value\": 16}, {\"type\": \"n\", \"value\": 16}, {\"type\": \"n\", \"value\": 16}]',2,NULL,NULL);
INSERT  IGNORE INTO `rhythm_bars` VALUES (53,'[{\"dot\": true, \"type\": \"r\", \"value\": 4}, {\"type\": \"n\", \"value\": 16}, {\"type\": \"n\", \"value\": 16}]',2,NULL,NULL);
INSERT  IGNORE INTO `rhythm_bars` VALUES (54,'[{\"type\": \"n\", \"value\": 8}, {\"type\": \"n\", \"value\": 4}, {\"type\": \"n\", \"value\": 4}, {\"type\": \"n\", \"value\": 16}, {\"type\": \"n\", \"value\": 16}]',3,NULL,NULL);
INSERT  IGNORE INTO `rhythm_bars` VALUES (55,'[{\"type\": \"n\", \"value\": 8}, {\"type\": \"n\", \"value\": 8}, {\"type\": \"bar\"}, {\"tie\": true, \"type\": \"n\", \"value\": 8}, {\"type\": \"n\", \"value\": 16}, {\"type\": \"n\", \"value\": 16}]',2,1,NULL);
INSERT  IGNORE INTO `rhythm_bars` VALUES (56,'[{\"type\": \"n\", \"value\": 8}, {\"type\": \"n\", \"value\": 16}, {\"type\": \"n\", \"value\": 16}, {\"type\": \"n\", \"value\": 8}]',1.5,NULL,NULL);
INSERT  IGNORE INTO `rhythm_bars` VALUES (57,'[{\"type\": \"n\", \"value\": 16}, {\"type\": \"n\", \"value\": 16}, {\"type\": \"n\", \"value\": 4}]',1.5,NULL,NULL);
INSERT  IGNORE INTO `rhythm_bars` VALUES (58,'[{\"type\": \"n\", \"value\": 4}, {\"type\": \"n\", \"value\": 16}, {\"type\": \"n\", \"value\": 16}]',1.5,NULL,NULL);
INSERT  IGNORE INTO `rhythm_bars` VALUES (59,'[{\"type\": \"n\", \"value\": 16}, {\"type\": \"n\", \"value\": 16}, {\"type\": \"n\", \"value\": 16}, {\"type\": \"n\", \"value\": 16}, {\"type\": \"n\", \"value\": 16}, {\"type\": \"n\", \"value\": 16}]',1.5,NULL,NULL);
INSERT  IGNORE INTO `rhythm_bars` VALUES (60,'[{\"type\": \"n\", \"value\": 8}, {\"tie\": true, \"type\": \"n\", \"value\": 8}, {\"type\": \"n\", \"value\": 8}]',1.5,NULL,NULL);
INSERT  IGNORE INTO `rhythm_bars` VALUES (61,'[{\"type\": \"n\", \"value\": 4}, {\"type\": \"n\", \"value\": 8}, {\"tie\": true, \"type\": \"n\", \"value\": 16}, {\"type\": \"n\", \"value\": 16}, {\"type\": \"n\", \"value\": 16}, {\"type\": \"n\", \"value\": 16}, {\"type\": \"n\", \"value\": 16}, {\"type\": \"n\", \"value\": 16}]',3,NULL,NULL);
INSERT  IGNORE INTO `rhythm_bars` VALUES (62,'[{\"type\": \"n\", \"value\": 16}, {\"type\": \"n\", \"value\": 16}, {\"type\": \"r\", \"value\": 8}, {\"type\": \"n\", \"value\": 16}, {\"type\": \"n\", \"value\": 16}]',1.5,NULL,NULL);
INSERT  IGNORE INTO `rhythm_bars` VALUES (63,'[{\"dot\": true, \"type\": \"n\", \"value\": 4}, {\"type\": \"bar\"}, {\"tie\": true, \"type\": \"n\", \"value\": 4}, {\"type\": \"n\", \"value\": 8}]',3,1.5,NULL);
INSERT  IGNORE INTO `rhythm_bars` VALUES (64,'[{\"type\": \"n\", \"value\": 16}, {\"type\": \"n\", \"value\": 16}, {\"type\": \"n\", \"value\": 16}, {\"type\": \"n\", \"value\": 16}, {\"type\": \"n\", \"value\": 8}]',1.5,NULL,NULL);
INSERT  IGNORE INTO `rhythm_bars` VALUES (65,'[{\"type\": \"n\", \"value\": 4}, {\"type\": \"n\", \"value\": 8}, {\"type\": \"bar\"}, {\"tie\": true, \"type\": \"n\", \"value\": 8}, {\"type\": \"n\", \"value\": 16}, {\"type\": \"n\", \"value\": 16}, {\"type\": \"n\", \"value\": 16}, {\"type\": \"n\", \"value\": 16}]',3,1.5,NULL);
INSERT  IGNORE INTO `rhythm_bars` VALUES (66,'[{\"dot\": true, \"type\": \"n\", \"value\": 8}, {\"type\": \"n\", \"value\": 16}, {\"type\": \"n\", \"value\": 16}, {\"type\": \"n\", \"value\": 16}]',1.5,NULL,NULL);
INSERT  IGNORE INTO `rhythm_bars` VALUES (67,'[{\"type\": \"n\", \"value\": 8}, {\"type\": \"n\", \"value\": 8}, {\"type\": \"r\", \"value\": 8}]',1.5,NULL,NULL);
INSERT  IGNORE INTO `rhythm_bars` VALUES (68,'[{\"type\": \"r\", \"value\": 16}, {\"type\": \"n\", \"value\": 16}, {\"type\": \"n\", \"value\": 16}, {\"type\": \"n\", \"value\": 16}]',1,NULL,NULL);
INSERT  IGNORE INTO `rhythm_bars` VALUES (69,'[{\"type\": \"n\", \"value\": 16}, {\"type\": \"n\", \"value\": 16}, {\"type\": \"n\", \"value\": 8}]',1,NULL,NULL);
INSERT  IGNORE INTO `rhythm_bars` VALUES (70,'[{\"type\": \"n\", \"value\": 16}, {\"type\": \"n\", \"value\": 8}, {\"type\": \"n\", \"value\": 16}]',1,NULL,NULL);
INSERT  IGNORE INTO `rhythm_bars` VALUES (71,'[{\"type\": \"n\", \"value\": 16}, {\"type\": \"n\", \"value\": 16}, {\"type\": \"r\", \"value\": 8}]',1,NULL,NULL);
INSERT  IGNORE INTO `rhythm_bars` VALUES (72,'[{\"type\": \"n\", \"value\": 16}, {\"dot\": true, \"type\": \"n\", \"value\": 8}]',1,NULL,NULL);
INSERT  IGNORE INTO `rhythm_bars` VALUES (73,'[{\"type\": \"n\", \"value\": 16}, {\"type\": \"n\", \"value\": 16}, {\"type\": \"n\", \"value\": 4}, {\"type\": \"n\", \"value\": 4}, {\"type\": \"n\", \"value\": 16}, {\"type\": \"n\", \"value\": 16}]',3,NULL,NULL);
INSERT  IGNORE INTO `rhythm_bars` VALUES (74,'[{\"type\": \"r\", \"value\": 8}, {\"type\": \"n\", \"value\": 4}, {\"type\": \"n\", \"value\": 8}]',2,NULL,NULL);
INSERT  IGNORE INTO `rhythm_bars` VALUES (75,'[{\"type\": \"r\", \"value\": 8}, {\"type\": \"n\", \"value\": 8}, {\"tie\": true, \"type\": \"n\", \"value\": 8}, {\"type\": \"n\", \"value\": 4}, {\"type\": \"n\", \"value\": 8}]',3,NULL,NULL);
INSERT  IGNORE INTO `rhythm_bars` VALUES (76,'[{\"type\": \"r\", \"value\": 8}, {\"type\": \"n\", \"value\": 8}, {\"type\": \"n\", \"value\": 8}]',1.5,NULL,NULL);
INSERT  IGNORE INTO `rhythm_bars` VALUES (77,'[{\"type\": \"n\", \"value\": 16}, {\"type\": \"n\", \"value\": 16}, {\"type\": \"n\", \"value\": 16}, {\"type\": \"n\", \"value\": 16}, {\"type\": \"n\", \"value\": 16}, {\"type\": \"n\", \"value\": 16}]',1.5,NULL,NULL);
INSERT  IGNORE INTO `rhythm_bars` VALUES (78,'[{\"type\": \"r\", \"value\": 4}, {\"type\": \"n\", \"value\": 16}, {\"type\": \"n\", \"value\": 16}]',1.5,NULL,NULL);
INSERT  IGNORE INTO `rhythm_bars` VALUES (79,'[{\"type\": \"n\", \"value\": 16}, {\"type\": \"n\", \"value\": 16}, {\"type\": \"n\", \"value\": 8}, {\"type\": \"r\", \"value\": 8}]',1.5,NULL,NULL);
INSERT  IGNORE INTO `rhythm_bars` VALUES (80,'[{\"type\": \"n\", \"value\": 4}, {\"type\": \"r\", \"value\": 8}]',1.5,NULL,NULL);
INSERT  IGNORE INTO `rhythm_bars` VALUES (81,'[{\"type\": \"n\", \"value\": 8}, {\"type\": \"n\", \"value\": 16}, {\"type\": \"n\", \"value\": 16}, {\"type\": \"n\", \"value\": 16}, {\"type\": \"n\", \"value\": 16}]',1.5,NULL,NULL);
INSERT  IGNORE INTO `rhythm_bars` VALUES (82,'[{\"type\": \"r\", \"value\": 4}, {\"type\": \"n\", \"value\": 8}, {\"tie\": true, \"type\": \"n\", \"value\": 8}, {\"type\": \"n\", \"value\": 16}, {\"type\": \"n\", \"value\": 16}, {\"type\": \"n\", \"value\": 16}, {\"type\": \"n\", \"value\": 16}]',3,NULL,NULL);
INSERT  IGNORE INTO `rhythm_bars` VALUES (83,'[{\"dot\": true, \"type\": \"n\", \"value\": 4}, {\"type\": \"n\", \"value\": 16}, {\"type\": \"n\", \"value\": 16}]',2,NULL,NULL);
INSERT  IGNORE INTO `rhythm_bars` VALUES (84,'[{\"type\": \"n\", \"value\": 16}, {\"type\": \"n\", \"value\": 16}, {\"type\": \"n\", \"value\": 8}, {\"tie\": true, \"type\": \"n\", \"value\": 16}, {\"type\": \"n\", \"value\": 16}, {\"type\": \"n\", \"value\": 16}, {\"type\": \"n\", \"value\": 16}]',2,NULL,NULL);
INSERT  IGNORE INTO `rhythm_bars` VALUES (85,'[{\"type\": \"n\", \"value\": 2}, {\"dot\": true, \"tie\": true, \"type\": \"n\", \"value\": 8}, {\"type\": \"n\", \"value\": 16}]',3,NULL,NULL);
INSERT  IGNORE INTO `rhythm_bars` VALUES (86,'[{\"type\": \"n\", \"value\": 8}, {\"type\": \"n\", \"value\": 4}, {\"type\": \"n\", \"value\": 8}, {\"tie\": true, \"type\": \"n\", \"value\": 16}, {\"type\": \"n\", \"value\": 16}, {\"type\": \"n\", \"value\": 16}, {\"type\": \"n\", \"value\": 16}]',3,NULL,NULL);
INSERT  IGNORE INTO `rhythm_bars` VALUES (87,'[{\"type\": \"r\", \"value\": 8}, {\"type\": \"n\", \"value\": 4}, {\"type\": \"n\", \"value\": 8}, {\"tie\": true, \"type\": \"n\", \"value\": 8}, {\"type\": \"n\", \"value\": 16}, {\"type\": \"n\", \"value\": 16}]',3,NULL,NULL);
INSERT  IGNORE INTO `rhythm_bars` VALUES (88,'[{\"type\": \"r\", \"value\": 16}, {\"dot\": true, \"type\": \"n\", \"value\": 8}]',1,NULL,NULL);
INSERT  IGNORE INTO `rhythm_bars` VALUES (89,'[{\"type\": \"n\", \"value\": 4}, {\"type\": \"n\", \"value\": 8}, {\"tie\": true, \"type\": \"n\", \"value\": 8}, {\"type\": \"n\", \"value\": 16}, {\"type\": \"n\", \"value\": 16}, {\"type\": \"n\", \"value\": 16}, {\"type\": \"n\", \"value\": 16}]',3,NULL,NULL);
INSERT  IGNORE INTO `rhythm_bars` VALUES (90,'[{\"dot\": true, \"type\": \"n\", \"value\": 4}, {\"tie\": true, \"type\": \"n\", \"value\": 16}, {\"type\": \"n\", \"value\": 16}, {\"type\": \"n\", \"value\": 16}, {\"type\": \"n\", \"value\": 16}, {\"type\": \"n\", \"value\": 16}, {\"type\": \"n\", \"value\": 16}]',3,NULL,NULL);
INSERT  IGNORE INTO `rhythm_bars` VALUES (91,'[{\"type\": \"n\", \"value\": 4}, {\"type\": \"n\", \"value\": 8}, {\"tie\": true, \"type\": \"n\", \"value\": 8}, {\"type\": \"n\", \"value\": 4}]',3,NULL,NULL);
INSERT  IGNORE INTO `rhythm_bars` VALUES (92,'[{\"type\": \"n\", \"value\": 16}, {\"type\": \"n\", \"value\": 16}, {\"type\": \"n\", \"value\": 8}, {\"type\": \"n\", \"value\": 8}]',1.5,NULL,NULL);
INSERT  IGNORE INTO `rhythm_bars` VALUES (93,'[{\"type\": \"r\", \"value\": 8}, {\"type\": \"n\", \"value\": 4}]',1.5,NULL,NULL);
INSERT  IGNORE INTO `rhythm_bars` VALUES (94,'[{\"dot\": true, \"type\": \"n\", \"value\": 2}, {\"tie\": true, \"type\": \"n\", \"value\": 8}, {\"type\": \"r\", \"value\": 4}]',4.5,NULL,NULL);
INSERT  IGNORE INTO `rhythm_bars` VALUES (95,'[{\"type\": \"n\", \"value\": 8}, {\"type\": \"n\", \"value\": 8}, {\"type\": \"n\", \"value\": 16}, {\"type\": \"n\", \"value\": 16}]',1.5,NULL,NULL);
INSERT  IGNORE INTO `rhythm_bars` VALUES (96,'[{\"type\": \"r\", \"value\": 8}, {\"type\": \"n\", \"value\": 4}, {\"tie\": true, \"type\": \"n\", \"value\": 16}, {\"type\": \"n\", \"value\": 16}, {\"type\": \"n\", \"value\": 16}, {\"type\": \"n\", \"value\": 16}, {\"type\": \"n\", \"value\": 16}, {\"type\": \"n\", \"value\": 16}]',3,NULL,NULL);
INSERT  IGNORE INTO `rhythm_bars` VALUES (97,'[{\"type\": \"n\", \"value\": 4}, {\"type\": \"n\", \"value\": 8}, {\"tie\": true, \"type\": \"n\", \"value\": 16}, {\"type\": \"n\", \"value\": 16}, {\"type\": \"n\", \"value\": 8}, {\"type\": \"n\", \"value\": 8}]',3,NULL,NULL);
INSERT  IGNORE INTO `rhythm_bars` VALUES (98,'[{\"type\": \"n\", \"value\": 16}, {\"type\": \"n\", \"value\": 8}, {\"type\": \"n\", \"value\": 16}, {\"type\": \"n\", \"value\": 8}]',1.5,NULL,NULL);
INSERT  IGNORE INTO `rhythm_bars` VALUES (99,'[{\"type\": \"n\", \"value\": 8}, {\"type\": \"n\", \"value\": 16}, {\"type\": \"n\", \"value\": 8}, {\"type\": \"n\", \"value\": 16}]',1.5,NULL,NULL);
INSERT  IGNORE INTO `rhythm_bars` VALUES (100,'[{\"type\": \"r\", \"value\": 8}, {\"type\": \"n\", \"value\": 16}, {\"type\": \"n\", \"value\": 16}, {\"type\": \"n\", \"value\": 16}, {\"type\": \"n\", \"value\": 16}]',1.5,NULL,NULL);
INSERT  IGNORE INTO `rhythm_bars` VALUES (101,'[{\"type\": \"n\", \"value\": 16}, {\"type\": \"n\", \"value\": 8}, {\"type\": \"n\", \"value\": 8}, {\"type\": \"n\", \"value\": 16}]',1.5,NULL,NULL);
INSERT  IGNORE INTO `rhythm_bars` VALUES (102,'[{\"dot\": true, \"type\": \"n\", \"value\": 4}, {\"tie\": true, \"type\": \"n\", \"value\": 16}, {\"type\": \"n\", \"value\": 16}, {\"dot\": true, \"type\": \"n\", \"value\": 8}, {\"type\": \"n\", \"value\": 16}]',3,NULL,NULL);
INSERT  IGNORE INTO `rhythm_bars` VALUES (103,'[{\"type\": \"n\", \"value\": 2}, {\"tie\": true, \"type\": \"n\", \"value\": 16}, {\"type\": \"n\", \"value\": 16}, {\"type\": \"n\", \"value\": 16}, {\"type\": \"n\", \"value\": 16}]',3,NULL,NULL);
INSERT  IGNORE INTO `rhythm_bars` VALUES (104,'[{\"type\": \"r\", \"value\": 8}, {\"type\": \"n\", \"value\": 8}, {\"tie\": true, \"type\": \"n\", \"value\": 16}, {\"type\": \"n\", \"value\": 16}, {\"type\": \"n\", \"value\": 16}, {\"type\": \"n\", \"value\": 16}]',2,NULL,NULL);
INSERT  IGNORE INTO `rhythm_bars` VALUES (105,'[{\"dot\": true, \"type\": \"n\", \"value\": 4}, {\"type\": \"n\", \"value\": 8}, {\"tie\": true, \"type\": \"n\", \"value\": 16}, {\"type\": \"n\", \"value\": 16}, {\"type\": \"n\", \"value\": 16}, {\"type\": \"n\", \"value\": 16}]',3,NULL,NULL);
INSERT  IGNORE INTO `rhythm_bars` VALUES (106,'[{\"type\": \"r\", \"value\": 8}, {\"type\": \"n\", \"value\": 16}, {\"type\": \"n\", \"value\": 16}, {\"tie\": true, \"type\": \"n\", \"value\": 16}, {\"type\": \"n\", \"value\": 16}, {\"type\": \"n\", \"value\": 16}, {\"type\": \"n\", \"value\": 16}]',2,NULL,NULL);
INSERT  IGNORE INTO `rhythm_bars` VALUES (107,'[{\"type\": \"n\", \"value\": 8}, {\"type\": \"n\", \"value\": 8}, {\"tie\": true, \"type\": \"n\", \"value\": 16}, {\"type\": \"n\", \"value\": 16}, {\"type\": \"n\", \"value\": 16}, {\"type\": \"n\", \"value\": 16}]',2,NULL,NULL);
INSERT  IGNORE INTO `rhythm_bars` VALUES (108,'[{\"type\": \"r\", \"value\": 8}, {\"type\": \"n\", \"value\": 4}, {\"tie\": true, \"type\": \"n\", \"value\": 16}, {\"type\": \"n\", \"value\": 16}]',2,NULL,NULL);
INSERT  IGNORE INTO `rhythm_bars` VALUES (109,'[{\"type\": \"r\", \"value\": 16}, {\"dot\": true, \"type\": \"n\", \"value\": 8}, {\"tie\": true, \"type\": \"n\", \"value\": 8}, {\"type\": \"n\", \"value\": 8}]',2,NULL,NULL);
INSERT  IGNORE INTO `rhythm_bars` VALUES (110,'[{\"type\": \"n\", \"value\": 8, \"in_tuplet\": true}, {\"type\": \"n\", \"value\": 8, \"in_tuplet\": true}, {\"type\": \"n\", \"value\": 8, \"in_tuplet\": true, \"tuplet_end\": true, \"tuplet_type\": {\"num_notes\": 3, \"in_space_of\": 2}}]',1,NULL,NULL);
INSERT  IGNORE INTO `rhythm_bars` VALUES (111,'[{\"type\": \"r\", \"value\": 8, \"in_tuplet\": true}, {\"type\": \"n\", \"value\": 8, \"in_tuplet\": true}, {\"type\": \"n\", \"value\": 8, \"in_tuplet\": true, \"tuplet_end\": true, \"tuplet_type\": {\"num_notes\": 3, \"in_space_of\": 2}}]',1,NULL,NULL);
INSERT  IGNORE INTO `rhythm_bars` VALUES (112,'[{\"type\": \"n\", \"value\": 8}, {\"type\": \"n\", \"value\": 8}, {\"tie\": true, \"type\": \"n\", \"value\": 8, \"in_tuplet\": true}, {\"type\": \"n\", \"value\": 8, \"in_tuplet\": true}, {\"type\": \"n\", \"value\": 8, \"in_tuplet\": true, \"tuplet_end\": true, \"tuplet_type\": {\"num_notes\": 3, \"in_space_of\": 2}}]',2,NULL,NULL);
INSERT  IGNORE INTO `rhythm_bars` VALUES (113,'[{\"type\": \"r\", \"value\": 4, \"in_tuplet\": true}, {\"type\": \"n\", \"value\": 8, \"in_tuplet\": true, \"tuplet_end\": true, \"tuplet_type\": {\"num_notes\": 3, \"in_space_of\": 2}}]',1,NULL,NULL);
INSERT  IGNORE INTO `rhythm_bars` VALUES (114,'[{\"type\": \"n\", \"value\": 8, \"in_tuplet\": true}, {\"type\": \"n\", \"value\": 4, \"in_tuplet\": true, \"tuplet_end\": true, \"tuplet_type\": {\"num_notes\": 3, \"in_space_of\": 2}}]',1,NULL,NULL);
INSERT  IGNORE INTO `rhythm_bars` VALUES (115,'[{\"type\": \"n\", \"value\": 8}, {\"type\": \"n\", \"value\": 4}, {\"type\": \"n\", \"value\": 8}, {\"tie\": true, \"type\": \"n\", \"value\": 8}, {\"type\": \"n\", \"value\": 16}, {\"type\": \"n\", \"value\": 16}]',3,NULL,NULL);
INSERT  IGNORE INTO `rhythm_bars` VALUES (116,'[{\"type\": \"n\", \"value\": 8, \"in_tuplet\": true}, {\"type\": \"n\", \"value\": 8, \"in_tuplet\": true}, {\"type\": \"r\", \"value\": 8, \"in_tuplet\": true, \"tuplet_end\": true, \"tuplet_type\": {\"num_notes\": 3, \"in_space_of\": 2}}]',1,NULL,NULL);
INSERT  IGNORE INTO `rhythm_bars` VALUES (117,'[{\"type\": \"r\", \"value\": 8}, {\"type\": \"n\", \"value\": 4}, {\"type\": \"n\", \"value\": 8}, {\"tie\": true, \"type\": \"n\", \"value\": 16}, {\"type\": \"n\", \"value\": 16}, {\"type\": \"n\", \"value\": 16}, {\"type\": \"n\", \"value\": 16}]',3,NULL,NULL);
INSERT  IGNORE INTO `rhythm_bars` VALUES (118,'[{\"type\": \"n\", \"value\": 4}, {\"tie\": true, \"type\": \"n\", \"value\": 8, \"in_tuplet\": true}, {\"type\": \"n\", \"value\": 4, \"in_tuplet\": true, \"tuplet_end\": true, \"tuplet_type\": {\"num_notes\": 3, \"in_space_of\": 2}}]',2,NULL,NULL);
INSERT  IGNORE INTO `rhythm_bars` VALUES (119,'[{\"type\": \"n\", \"value\": 8, \"in_tuplet\": true}, {\"type\": \"n\", \"value\": 8, \"in_tuplet\": true, \"tuplet_end\": true, \"tuplet_type\": {\"num_notes\": 2, \"in_space_of\": 3}}]',1.5,NULL,NULL);
INSERT  IGNORE INTO `rhythm_bars` VALUES (120,'[{\"type\": \"r\", \"value\": 16}, {\"type\": \"n\", \"value\": 16}, {\"type\": \"n\", \"value\": 16}, {\"type\": \"n\", \"value\": 16}, {\"type\": \"n\", \"value\": 16}, {\"type\": \"n\", \"value\": 16}]',1.5,NULL,NULL);
INSERT  IGNORE INTO `rhythm_bars` VALUES (121,'[{\"type\": \"n\", \"value\": 16}, {\"type\": \"n\", \"value\": 16}, {\"type\": \"r\", \"value\": 4}]',1.5,NULL,NULL);
INSERT  IGNORE INTO `rhythm_bars` VALUES (122,'[{\"type\": \"r\", \"value\": 8}, {\"type\": \"n\", \"value\": 16}, {\"type\": \"n\", \"value\": 16}, {\"type\": \"n\", \"value\": 8}]',1.5,NULL,NULL);
INSERT  IGNORE INTO `rhythm_bars` VALUES (123,'[{\"type\": \"r\", \"value\": 4}, {\"type\": \"n\", \"value\": 8}, {\"tie\": true, \"type\": \"n\", \"value\": 16}, {\"type\": \"n\", \"value\": 16}, {\"type\": \"n\", \"value\": 16}, {\"type\": \"n\", \"value\": 16}, {\"type\": \"n\", \"value\": 16}, {\"type\": \"n\", \"value\": 16}]',3,NULL,NULL);
INSERT  IGNORE INTO `rhythm_bars` VALUES (124,'[{\"type\": \"n\", \"value\": 16}, {\"type\": \"n\", \"value\": 8}, {\"type\": \"n\", \"value\": 16}, {\"type\": \"n\", \"value\": 8}, {\"tie\": true, \"type\": \"n\", \"value\": 16}, {\"type\": \"n\", \"value\": 16}, {\"type\": \"n\", \"value\": 16}, {\"type\": \"n\", \"value\": 16}, {\"type\": \"n\", \"value\": 8}]',3,NULL,NULL);
INSERT  IGNORE INTO `rhythm_bars` VALUES (125,'[{\"type\": \"r\", \"value\": 16}, {\"type\": \"n\", \"value\": 16}, {\"type\": \"r\", \"value\": 4}]',1.5,NULL,NULL);
INSERT  IGNORE INTO `rhythm_bars` VALUES (126,'[{\"type\": \"r\", \"value\": 8}, {\"type\": \"n\", \"value\": 16}, {\"type\": \"n\", \"value\": 16}, {\"type\": \"r\", \"value\": 8}]',1.5,NULL,NULL);
INSERT  IGNORE INTO `rhythm_bars` VALUES (127,'[{\"dot\": true, \"type\": \"r\", \"value\": 8}, {\"type\": \"n\", \"value\": 16}, {\"type\": \"n\", \"value\": 8}]',1.5,NULL,NULL);
INSERT  IGNORE INTO `rhythm_bars` VALUES (128,'[{\"type\": \"r\", \"value\": 16}, {\"type\": \"n\", \"value\": 8}, {\"type\": \"n\", \"value\": 16}, {\"type\": \"n\", \"value\": 16}, {\"type\": \"n\", \"value\": 16}]',1.5,NULL,NULL);
INSERT  IGNORE INTO `rhythm_bars` VALUES (129,'[{\"dot\": true, \"type\": \"n\", \"value\": 4}, {\"tie\": true, \"type\": \"n\", \"value\": 8}, {\"type\": \"n\", \"value\": 8}, {\"type\": \"n\", \"value\": 8}]',3,NULL,NULL);
INSERT  IGNORE INTO `rhythm_bars` VALUES (130,'[{\"type\": \"n\", \"value\": 16}, {\"type\": \"n\", \"value\": 16}, {\"dot\": true, \"type\": \"n\", \"value\": 8}, {\"type\": \"n\", \"value\": 16}]',1.5,NULL,NULL);
INSERT  IGNORE INTO `rhythm_bars` VALUES (131,'[{\"dot\": true, \"type\": \"r\", \"value\": 4}, {\"type\": \"n\", \"value\": 8}, {\"tie\": true, \"type\": \"n\", \"value\": 8}, {\"type\": \"n\", \"value\": 8}]',3,0,NULL);
INSERT  IGNORE INTO `rhythm_bars` VALUES (132,'[{\"type\": \"n\", \"value\": 8, \"in_tuplet\": true}, {\"type\": \"n\", \"value\": 8, \"in_tuplet\": true}, {\"type\": \"n\", \"value\": 8, \"in_tuplet\": true, \"tuplet_end\": true, \"tuplet_type\": {\"num_notes\": 3, \"in_space_of\": 2}}, {\"tie\": true, \"type\": \"n\", \"value\": 16}, {\"type\": \"n\", \"value\": 16}, {\"type\": \"n\", \"value\": 16}, {\"type\": \"n\", \"value\": 16}]',2,0,NULL);
INSERT  IGNORE INTO `rhythm_bars` VALUES (133,'[{\"type\": \"n\", \"value\": 8, \"in_tuplet\": true}, {\"type\": \"n\", \"value\": 8, \"in_tuplet\": true, \"tuplet_end\": true, \"tuplet_type\": {\"num_notes\": 2, \"in_space_of\": 3}}, {\"tie\": true, \"type\": \"n\", \"value\": 16}, {\"type\": \"n\", \"value\": 16}, {\"type\": \"n\", \"value\": 16}, {\"type\": \"n\", \"value\": 16}, {\"type\": \"n\", \"value\": 16}, {\"type\": \"n\", \"value\": 16}]',3,0,NULL);
INSERT  IGNORE INTO `rhythm_bars` VALUES (134,'[{\"type\": \"n\", \"value\": 16}, {\"type\": \"n\", \"value\": 16}, {\"type\": \"n\", \"value\": 16}, {\"type\": \"n\", \"value\": 16}, {\"tie\": true, \"type\": \"n\", \"value\": 4}]',2,0,NULL);
INSERT  IGNORE INTO `rhythm_bars` VALUES (135,'[{\"type\": \"r\", \"value\": 16}, {\"type\": \"n\", \"value\": 8}, {\"type\": \"n\", \"value\": 16}]',1,0,NULL);
INSERT  IGNORE INTO `rhythm_bars` VALUES (136,'[{\"type\": \"r\", \"value\": 16}, {\"type\": \"n\", \"value\": 16}, {\"type\": \"n\", \"value\": 16}, {\"type\": \"n\", \"value\": 16}, {\"tie\": true, \"type\": \"n\", \"value\": 16}, {\"type\": \"n\", \"value\": 16}, {\"type\": \"n\", \"value\": 8}]',2,0,NULL);
INSERT  IGNORE INTO `rhythm_bars` VALUES (137,'[{\"type\": \"n\", \"value\": 16}, {\"type\": \"n\", \"value\": 8}, {\"type\": \"n\", \"value\": 8}, {\"type\": \"n\", \"value\": 8}, {\"type\": \"n\", \"value\": 16}, {\"tie\": true, \"type\": \"n\", \"value\": 16}, {\"type\": \"n\", \"value\": 8}, {\"type\": \"n\", \"value\": 16}]',3,0,NULL);
INSERT  IGNORE INTO `rhythm_bars` VALUES (138,'[{\"type\": \"n\", \"value\": 16}, {\"type\": \"n\", \"value\": 16}, {\"type\": \"n\", \"value\": 16, \"in_tuplet\": true}, {\"type\": \"n\", \"value\": 16, \"in_tuplet\": true}, {\"type\": \"n\", \"value\": 16, \"in_tuplet\": true, \"tuplet_end\": true, \"tuplet_type\": {\"num_notes\": 3, \"in_space_of\": 2}}]',1,0,NULL);
INSERT  IGNORE INTO `rhythm_bars` VALUES (139,'[{\"type\": \"n\", \"value\": 16, \"in_tuplet\": true}, {\"type\": \"n\", \"value\": 16, \"in_tuplet\": true}, {\"type\": \"n\", \"value\": 16, \"in_tuplet\": true, \"tuplet_end\": true, \"tuplet_type\": {\"num_notes\": 3, \"in_space_of\": 2}}, {\"type\": \"n\", \"value\": 16}, {\"type\": \"n\", \"value\": 16}]',1,0,NULL);
INSERT  IGNORE INTO `rhythm_bars` VALUES (140,'[{\"dot\": true, \"type\": \"r\", \"value\": 8}, {\"type\": \"n\", \"value\": 16}, {\"tie\": true, \"type\": \"n\", \"value\": 8}, {\"type\": \"n\", \"value\": 8}]',2,0,NULL);
INSERT  IGNORE INTO `rhythm_bars` VALUES (141,'[{\"type\": \"n\", \"value\": 16}, {\"type\": \"n\", \"value\": 16}, {\"type\": \"n\", \"value\": 8}, {\"tie\": true, \"type\": \"n\", \"value\": 16}, {\"type\": \"n\", \"value\": 16}, {\"type\": \"n\", \"value\": 16, \"in_tuplet\": true}, {\"type\": \"n\", \"value\": 16, \"in_tuplet\": true}, {\"type\": \"n\", \"value\": 16, \"in_tuplet\": true, \"tuplet_end\": true, \"tuplet_type\": {\"num_notes\": 3, \"in_space_of\": 2}}]',2,0,NULL);
INSERT  IGNORE INTO `rhythm_bars` VALUES (142,'[{\"type\": \"n\", \"value\": 16}, {\"type\": \"n\", \"value\": 8}, {\"type\": \"n\", \"value\": 8}, {\"type\": \"n\", \"value\": 8}, {\"type\": \"n\", \"value\": 16}]',2,0,NULL);
INSERT  IGNORE INTO `rhythm_bars` VALUES (143,'[{\"type\": \"r\", \"value\": 16}, {\"type\": \"n\", \"value\": 16}, {\"type\": \"r\", \"value\": 8}]',1,0,NULL);
INSERT  IGNORE INTO `rhythm_bars` VALUES (144,'[{\"type\": \"r\", \"value\": 16, \"in_tuplet\": true}, {\"type\": \"n\", \"value\": 16, \"in_tuplet\": true}, {\"type\": \"n\", \"value\": 16, \"in_tuplet\": true, \"tuplet_end\": true, \"tuplet_type\": {\"num_notes\": 3, \"in_space_of\": 2}}, {\"type\": \"n\", \"value\": 16, \"in_tuplet\": true}, {\"type\": \"n\", \"value\": 16, \"in_tuplet\": true}, {\"type\": \"n\", \"value\": 16, \"in_tuplet\": true, \"tuplet_end\": true, \"tuplet_type\": {\"num_notes\": 3, \"in_space_of\": 2}}]',1,0,NULL);
INSERT  IGNORE INTO `rhythm_bars` VALUES (145,'[{\"dot\": true, \"type\": \"n\", \"value\": 8}, {\"type\": \"n\", \"value\": 16}, {\"tie\": true, \"type\": \"n\", \"value\": 8}, {\"type\": \"n\", \"value\": 8}, {\"tie\": true, \"type\": \"n\", \"value\": 16}, {\"type\": \"n\", \"value\": 8}, {\"type\": \"n\", \"value\": 16}]',3,0,NULL);
INSERT  IGNORE INTO `rhythm_bars` VALUES (146,'[{\"type\": \"n\", \"value\": 16, \"in_tuplet\": true}, {\"type\": \"n\", \"value\": 16, \"in_tuplet\": true}, {\"type\": \"n\", \"value\": 16, \"in_tuplet\": true}, {\"type\": \"n\", \"value\": 16, \"in_tuplet\": true}, {\"type\": \"n\", \"value\": 16, \"in_tuplet\": true}, {\"type\": \"n\", \"value\": 16, \"in_tuplet\": true, \"tuplet_end\": true, \"tuplet_type\": {\"num_notes\": 6, \"in_space_of\": 4}}]',1,0,NULL);
INSERT  IGNORE INTO `rhythm_bars` VALUES (147,'[{\"type\": \"r\", \"value\": 16}, {\"type\": \"n\", \"value\": 16}, {\"type\": \"n\", \"value\": 16}, {\"type\": \"n\", \"value\": 16}, {\"type\": \"n\", \"value\": 16}, {\"type\": \"n\", \"value\": 16}, {\"tie\": true, \"type\": \"n\", \"value\": 16}, {\"type\": \"n\", \"value\": 16}, {\"type\": \"n\", \"value\": 16}, {\"type\": \"n\", \"value\": 16}, {\"type\": \"n\", \"value\": 16}, {\"type\": \"n\", \"value\": 16}]',3,0,NULL);
INSERT  IGNORE INTO `rhythm_bars` VALUES (148,'[{\"type\": \"n\", \"value\": 16}, {\"type\": \"n\", \"value\": 16}, {\"type\": \"n\", \"value\": 16, \"in_tuplet\": true}, {\"type\": \"n\", \"value\": 16, \"in_tuplet\": true}, {\"type\": \"n\", \"value\": 16, \"in_tuplet\": true, \"tuplet_end\": true, \"tuplet_type\": {\"num_notes\": 3, \"in_space_of\": 2}}, {\"type\": \"n\", \"value\": 8}]',1.5,0,NULL);
INSERT  IGNORE INTO `rhythm_bars` VALUES (149,'[{\"type\": \"n\", \"value\": 16}, {\"type\": \"n\", \"value\": 16}, {\"type\": \"r\", \"value\": 8}, {\"type\": \"r\", \"value\": 16}, {\"type\": \"n\", \"value\": 16}, {\"tie\": true, \"type\": \"n\", \"value\": 16}, {\"type\": \"n\", \"value\": 8}, {\"type\": \"n\", \"value\": 8}, {\"type\": \"n\", \"value\": 16}]',3,0,NULL);
INSERT  IGNORE INTO `rhythm_bars` VALUES (150,'[{\"dot\": true, \"type\": \"n\", \"value\": 4}, {\"tie\": true, \"type\": \"n\", \"value\": 16}, {\"type\": \"n\", \"value\": 16}, {\"type\": \"n\", \"value\": 4}]',3,0,NULL);
INSERT  IGNORE INTO `rhythm_bars` VALUES (151,'[{\"type\": \"r\", \"value\": 8}, {\"type\": \"n\", \"value\": 16}, {\"type\": \"n\", \"value\": 16}, {\"type\": \"n\", \"value\": 16}, {\"type\": \"n\", \"value\": 16}, {\"tie\": true, \"type\": \"n\", \"value\": 16}, {\"type\": \"n\", \"value\": 16}, {\"type\": \"n\", \"value\": 4}]',3,0,NULL);
INSERT  IGNORE INTO `rhythm_bars` VALUES (152,'[{\"type\": \"r\", \"value\": 8}, {\"type\": \"n\", \"value\": 4}, {\"tie\": true, \"type\": \"n\", \"value\": 16}, {\"type\": \"n\", \"value\": 16}, {\"type\": \"n\", \"value\": 16}, {\"type\": \"n\", \"value\": 16}, {\"type\": \"n\", \"value\": 8}]',3,0,NULL);
INSERT  IGNORE INTO `rhythm_bars` VALUES (153,'[{\"type\": \"r\", \"value\": 4}, {\"type\": \"r\", \"value\": 16}, {\"type\": \"n\", \"value\": 16}, {\"tie\": true, \"type\": \"n\", \"value\": 16}, {\"type\": \"n\", \"value\": 16}, {\"type\": \"n\", \"value\": 4}]',3,0,NULL);
INSERT  IGNORE INTO `rhythm_bars` VALUES (154,'[{\"type\": \"n\", \"value\": 16}, {\"type\": \"n\", \"value\": 16}, {\"type\": \"n\", \"value\": 16, \"in_tuplet\": true}, {\"type\": \"n\", \"value\": 16, \"in_tuplet\": true}, {\"type\": \"n\", \"value\": 16, \"in_tuplet\": true, \"tuplet_end\": true, \"tuplet_type\": {\"num_notes\": 3, \"in_space_of\": 2}}, {\"type\": \"n\", \"value\": 8}, {\"tie\": true, \"type\": \"n\", \"value\": 8}, {\"type\": \"n\", \"value\": 8}, {\"type\": \"r\", \"value\": 16}, {\"type\": \"n\", \"value\": 16}]',3,0,NULL);
INSERT  IGNORE INTO `rhythm_bars` VALUES (155,'[{\"type\": \"n\", \"value\": 4}, {\"tie\": true, \"type\": \"n\", \"value\": 16}, {\"type\": \"n\", \"value\": 8}, {\"type\": \"n\", \"value\": 8}, {\"type\": \"n\", \"value\": 8}, {\"type\": \"n\", \"value\": 16}]',3,0,NULL);
INSERT  IGNORE INTO `rhythm_bars` VALUES (156,'[{\"type\": \"n\", \"value\": 16}, {\"type\": \"n\", \"value\": 16}, {\"type\": \"n\", \"value\": 8}, {\"dot\": true, \"tie\": true, \"type\": \"n\", \"value\": 8}, {\"type\": \"n\", \"value\": 16}]',2,0,NULL);
INSERT  IGNORE INTO `rhythm_bars` VALUES (157,'[{\"type\": \"n\", \"value\": 4}, {\"tie\": true, \"type\": \"n\", \"value\": 16}, {\"type\": \"n\", \"value\": 16}]',1.5,0,NULL);
INSERT  IGNORE INTO `rhythm_bars` VALUES (158,'[{\"type\": \"n\", \"value\": 16}, {\"type\": \"n\", \"value\": 16}, {\"type\": \"n\", \"value\": 8}, {\"type\": \"r\", \"value\": 16}, {\"type\": \"n\", \"value\": 16}]',1.5,0,NULL);
INSERT  IGNORE INTO `rhythm_bars` VALUES (159,'[{\"type\": \"n\", \"value\": 16}, {\"type\": \"n\", \"value\": 16}, {\"type\": \"n\", \"value\": 8}, {\"type\": \"r\", \"value\": 16}, {\"type\": \"n\", \"value\": 16}, {\"tie\": true, \"type\": \"n\", \"value\": 16}, {\"type\": \"n\", \"value\": 16}, {\"type\": \"n\", \"value\": 16}, {\"type\": \"n\", \"value\": 16}, {\"type\": \"n\", \"value\": 16}, {\"type\": \"n\", \"value\": 16}]',3,0,NULL);
INSERT  IGNORE INTO `rhythm_bars` VALUES (160,'[{\"type\": \"r\", \"value\": 16}, {\"type\": \"n\", \"value\": 8}, {\"type\": \"n\", \"value\": 16}, {\"type\": \"n\", \"value\": 8}]',1.5,0,NULL);
INSERT  IGNORE INTO `rhythm_bars` VALUES (161,'[{\"type\": \"n\", \"value\": 8}, {\"type\": \"r\", \"value\": 8}, {\"type\": \"r\", \"value\": 8}]',1.5,0,NULL);
INSERT  IGNORE INTO `rhythm_bars` VALUES (162,'[{\"dot\": true, \"type\": \"n\", \"value\": 8}, {\"type\": \"n\", \"value\": 16}, {\"type\": \"n\", \"value\": 8}]',1.5,0,NULL);
INSERT  IGNORE INTO `rhythm_bars` VALUES (163,'[{\"type\": \"n\", \"value\": 16}, {\"type\": \"n\", \"value\": 8}, {\"type\": \"n\", \"value\": 8}, {\"type\": \"n\", \"value\": 16}, {\"tie\": true, \"type\": \"n\", \"value\": 16}, {\"type\": \"n\", \"value\": 8}, {\"type\": \"n\", \"value\": 8}, {\"type\": \"n\", \"value\": 16}]',3,0,NULL);
INSERT  IGNORE INTO `rhythm_bars` VALUES (164,'[{\"type\": \"n\", \"value\": 16}, {\"type\": \"n\", \"value\": 16}, {\"dot\": true, \"type\": \"n\", \"value\": 8}, {\"type\": \"n\", \"value\": 16}, {\"tie\": true, \"type\": \"n\", \"value\": 16}, {\"type\": \"n\", \"value\": 16}, {\"type\": \"n\", \"value\": 16}, {\"type\": \"n\", \"value\": 16}, {\"type\": \"n\", \"value\": 8}, {\"tie\": true, \"type\": \"n\", \"value\": 16}, {\"type\": \"n\", \"value\": 16}, {\"type\": \"n\", \"value\": 8}, {\"type\": \"r\", \"value\": 8}]',4.5,0,NULL);
INSERT  IGNORE INTO `rhythm_bars` VALUES (165,'[{\"type\": \"n\", \"value\": 8}, {\"type\": \"n\", \"value\": 16}, {\"type\": \"n\", \"value\": 16}, {\"type\": \"n\", \"value\": 8}, {\"tie\": true, \"type\": \"n\", \"value\": 16}, {\"type\": \"n\", \"value\": 8}, {\"type\": \"n\", \"value\": 8}, {\"type\": \"n\", \"value\": 16}]',3,0,NULL);
INSERT  IGNORE INTO `rhythm_bars` VALUES (166,'[{\"type\": \"r\", \"value\": 16}, {\"type\": \"n\", \"value\": 16}, {\"dot\": true, \"tie\": true, \"type\": \"n\", \"value\": 8}, {\"type\": \"n\", \"value\": 16}]',1.5,0,NULL);
INSERT  IGNORE INTO `rhythm_bars` VALUES (167,'[{\"type\": \"r\", \"value\": 8}, {\"type\": \"n\", \"value\": 8}, {\"type\": \"r\", \"value\": 8}]',1.5,0,NULL);
INSERT  IGNORE INTO `rhythm_bars` VALUES (168,'[{\"type\": \"r\", \"value\": 4}, {\"type\": \"r\", \"value\": 16}, {\"type\": \"n\", \"value\": 16}]',1.5,0,NULL);
INSERT  IGNORE INTO `rhythm_bars` VALUES (169,'[{\"type\": \"n\", \"value\": 8}, {\"type\": \"n\", \"value\": 16, \"in_tuplet\": true}, {\"type\": \"n\", \"value\": 16, \"in_tuplet\": true}, {\"type\": \"n\", \"value\": 16, \"in_tuplet\": true, \"tuplet_end\": true, \"tuplet_type\": {\"num_notes\": 3, \"in_space_of\": 2}}]',1,0,NULL);
INSERT  IGNORE INTO `rhythm_bars` VALUES (170,'[{\"type\": \"n\", \"value\": 16, \"in_tuplet\": true}, {\"type\": \"n\", \"value\": 16, \"in_tuplet\": true}, {\"type\": \"n\", \"value\": 16, \"in_tuplet\": true, \"tuplet_end\": true, \"tuplet_type\": {\"num_notes\": 3, \"in_space_of\": 2}}, {\"type\": \"n\", \"value\": 16, \"in_tuplet\": true}, {\"type\": \"n\", \"value\": 16, \"in_tuplet\": true}, {\"type\": \"n\", \"value\": 16, \"in_tuplet\": true, \"tuplet_end\": true, \"tuplet_type\": {\"num_notes\": 3, \"in_space_of\": 2}}]',1,0,NULL);
INSERT  IGNORE INTO `rhythm_bars` VALUES (171,'[{\"type\": \"r\", \"value\": 8}, {\"type\": \"n\", \"value\": 8}, {\"tie\": true, \"type\": \"n\", \"value\": 16, \"in_tuplet\": true}, {\"type\": \"n\", \"value\": 16, \"in_tuplet\": true}, {\"type\": \"n\", \"value\": 16, \"in_tuplet\": true, \"tuplet_end\": true, \"tuplet_type\": {\"num_notes\": 3, \"in_space_of\": 2}}, {\"type\": \"n\", \"value\": 8}]',2,0,NULL);
INSERT  IGNORE INTO `rhythm_bars` VALUES (172,'[{\"dot\": true, \"type\": \"r\", \"value\": 8}, {\"type\": \"n\", \"value\": 16}, {\"tie\": true, \"type\": \"n\", \"value\": 16}, {\"type\": \"n\", \"value\": 8}, {\"type\": \"n\", \"value\": 16}]',2,0,NULL);
INSERT  IGNORE INTO `rhythm_bars` VALUES (173,'[{\"type\": \"n\", \"value\": 16}, {\"type\": \"n\", \"value\": 8}, {\"type\": \"n\", \"value\": 16}, {\"tie\": true, \"type\": \"n\", \"value\": 8}, {\"type\": \"n\", \"value\": 16, \"in_tuplet\": true}, {\"type\": \"n\", \"value\": 16, \"in_tuplet\": true}, {\"type\": \"n\", \"value\": 16, \"in_tuplet\": true, \"tuplet_end\": true, \"tuplet_type\": {\"num_notes\": 3, \"in_space_of\": 2}}]',2,0,NULL);
INSERT  IGNORE INTO `rhythm_bars` VALUES (174,'[{\"type\": \"n\", \"value\": 16, \"in_tuplet\": true}, {\"type\": \"n\", \"value\": 16, \"in_tuplet\": true}, {\"type\": \"n\", \"value\": 16, \"in_tuplet\": true, \"tuplet_end\": true, \"tuplet_type\": {\"num_notes\": 3, \"in_space_of\": 2}}, {\"type\": \"n\", \"value\": 8}]',1,0,NULL);
INSERT  IGNORE INTO `rhythm_bars` VALUES (175,'[{\"type\": \"r\", \"value\": 8}, {\"type\": \"n\", \"value\": 16, \"in_tuplet\": true}, {\"type\": \"n\", \"value\": 16, \"in_tuplet\": true}, {\"type\": \"n\", \"value\": 16, \"in_tuplet\": true, \"tuplet_end\": true, \"tuplet_type\": {\"num_notes\": 3, \"in_space_of\": 2}}]',1,0,NULL);
INSERT  IGNORE INTO `rhythm_bars` VALUES (176,'[{\"type\": \"n\", \"value\": 16}, {\"type\": \"n\", \"value\": 16}, {\"type\": \"n\", \"value\": 16}, {\"type\": \"n\", \"value\": 16}, {\"tie\": true, \"type\": \"n\", \"value\": 16}, {\"type\": \"n\", \"value\": 16}, {\"type\": \"n\", \"value\": 16}, {\"type\": \"n\", \"value\": 16}]',2,0,NULL);
INSERT  IGNORE INTO `rhythm_bars` VALUES (177,'[{\"dot\": true, \"type\": \"n\", \"value\": 8}, {\"type\": \"n\", \"value\": 16}, {\"tie\": true, \"type\": \"n\", \"value\": 16}, {\"type\": \"n\", \"value\": 16}, {\"type\": \"n\", \"value\": 16}, {\"type\": \"n\", \"value\": 16}]',2,0,NULL);
INSERT  IGNORE INTO `rhythm_bars` VALUES (178,'[{\"dot\": true, \"type\": \"n\", \"value\": 8}, {\"type\": \"n\", \"value\": 16}, {\"tie\": true, \"type\": \"n\", \"value\": 16}, {\"type\": \"n\", \"value\": 16}, {\"type\": \"r\", \"value\": 8}]',2,0,NULL);
INSERT  IGNORE INTO `rhythm_bars` VALUES (179,'[{\"type\": \"n\", \"value\": 16, \"in_tuplet\": true}, {\"type\": \"n\", \"value\": 16, \"in_tuplet\": true}, {\"type\": \"n\", \"value\": 16, \"in_tuplet\": true, \"tuplet_end\": true, \"tuplet_type\": {\"num_notes\": 3, \"in_space_of\": 2}}, {\"type\": \"n\", \"value\": 8}, {\"tie\": true, \"type\": \"n\", \"value\": 16}, {\"type\": \"n\", \"value\": 16}, {\"type\": \"n\", \"value\": 16}, {\"type\": \"n\", \"value\": 16}]',2,0,NULL);
INSERT  IGNORE INTO `rhythm_bars` VALUES (180,'[{\"type\": \"r\", \"value\": 8}, {\"type\": \"r\", \"value\": 16}, {\"type\": \"n\", \"value\": 16}, {\"tie\": true, \"type\": \"n\", \"value\": 16, \"in_tuplet\": true}, {\"type\": \"n\", \"value\": 16, \"in_tuplet\": true}, {\"type\": \"n\", \"value\": 16, \"in_tuplet\": true}, {\"type\": \"n\", \"value\": 16, \"in_tuplet\": true}, {\"type\": \"n\", \"value\": 16, \"in_tuplet\": true}, {\"type\": \"n\", \"value\": 16, \"in_tuplet\": true, \"tuplet_end\": true, \"tuplet_type\": {\"num_notes\": 6, \"in_space_of\": 4}}]',2,0,NULL);
INSERT  IGNORE INTO `rhythm_bars` VALUES (181,'[{\"type\": \"n\", \"value\": 16}, {\"type\": \"n\", \"value\": 16}, {\"type\": \"n\", \"value\": 16}, {\"type\": \"n\", \"value\": 16}, {\"type\": \"n\", \"value\": 16, \"in_tuplet\": true}, {\"type\": \"n\", \"value\": 16, \"in_tuplet\": true}, {\"type\": \"n\", \"value\": 16, \"in_tuplet\": true, \"tuplet_end\": true, \"tuplet_type\": {\"num_notes\": 3, \"in_space_of\": 2}}]',1.5,0,NULL);
INSERT  IGNORE INTO `rhythm_bars` VALUES (182,'[{\"type\": \"n\", \"value\": 16, \"in_tuplet\": true}, {\"type\": \"n\", \"value\": 16, \"in_tuplet\": true}, {\"type\": \"n\", \"value\": 16, \"in_tuplet\": true}, {\"type\": \"n\", \"value\": 16, \"in_tuplet\": true, \"tuplet_end\": true, \"tuplet_type\": {\"num_notes\": 4, \"in_space_of\": 6}}]',1.5,0,NULL);
INSERT  IGNORE INTO `rhythm_bars` VALUES (183,'[{\"dot\": true, \"type\": \"r\", \"value\": 8}, {\"type\": \"n\", \"value\": 16}, {\"type\": \"n\", \"value\": 16}, {\"type\": \"n\", \"value\": 16}]',1.5,0,NULL);
INSERT  IGNORE INTO `rhythm_bars` VALUES (184,'[{\"type\": \"n\", \"value\": 8}, {\"type\": \"n\", \"value\": 16, \"in_tuplet\": true}, {\"type\": \"n\", \"value\": 16, \"in_tuplet\": true}, {\"type\": \"n\", \"value\": 16, \"in_tuplet\": true, \"tuplet_end\": true, \"tuplet_type\": {\"num_notes\": 3, \"in_space_of\": 2}}, {\"type\": \"n\", \"value\": 8}]',1.5,0,NULL);
INSERT  IGNORE INTO `rhythm_bars` VALUES (185,'[{\"type\": \"r\", \"value\": 8}, {\"type\": \"r\", \"value\": 16}, {\"type\": \"n\", \"value\": 16}, {\"type\": \"n\", \"value\": 16}, {\"type\": \"n\", \"value\": 16}]',1.5,0,NULL);
INSERT  IGNORE INTO `rhythm_bars` VALUES (186,'[{\"type\": \"r\", \"value\": 8}, {\"type\": \"n\", \"value\": 16}, {\"type\": \"n\", \"value\": 8}, {\"type\": \"n\", \"value\": 16}]',1.5,0,NULL);
INSERT  IGNORE INTO `rhythm_bars` VALUES (187,'[{\"type\": \"r\", \"value\": 4}, {\"type\": \"r\", \"value\": 8}]',1.5,0,NULL);
INSERT  IGNORE INTO `rhythm_bars` VALUES (188,'[{\"type\": \"n\", \"value\": 16, \"in_tuplet\": true}, {\"type\": \"n\", \"value\": 16, \"in_tuplet\": true}, {\"type\": \"n\", \"value\": 16, \"in_tuplet\": true, \"tuplet_end\": true, \"tuplet_type\": {\"num_notes\": 3, \"in_space_of\": 2}}, {\"type\": \"n\", \"value\": 8}, {\"type\": \"n\", \"value\": 8}]',1.5,0,NULL);
INSERT  IGNORE INTO `rhythm_bars` VALUES (189,'[{\"type\": \"n\", \"value\": 16, \"in_tuplet\": true}, {\"type\": \"n\", \"value\": 16, \"in_tuplet\": true}, {\"type\": \"n\", \"value\": 16, \"in_tuplet\": true, \"tuplet_end\": true, \"tuplet_type\": {\"num_notes\": 3, \"in_space_of\": 2}}, {\"type\": \"n\", \"value\": 16, \"in_tuplet\": true}, {\"type\": \"n\", \"value\": 16, \"in_tuplet\": true}, {\"type\": \"n\", \"value\": 16, \"in_tuplet\": true, \"tuplet_end\": true, \"tuplet_type\": {\"num_notes\": 3, \"in_space_of\": 2}}, {\"type\": \"n\", \"value\": 8}]',1.5,0,NULL);
INSERT  IGNORE INTO `rhythm_bars` VALUES (190,'[{\"type\": \"n\", \"value\": 16}, {\"type\": \"n\", \"value\": 16}, {\"type\": \"r\", \"value\": 8}, {\"type\": \"r\", \"value\": 8}]',1.5,0,NULL);
INSERT  IGNORE INTO `rhythm_bars` VALUES (191,'[{\"type\": \"r\", \"value\": 4}, {\"type\": \"n\", \"value\": 8}, {\"tie\": true, \"type\": \"n\", \"value\": 16}, {\"type\": \"n\", \"value\": 16}, {\"type\": \"n\", \"value\": 16, \"in_tuplet\": true}, {\"type\": \"n\", \"value\": 16, \"in_tuplet\": true}, {\"type\": \"n\", \"value\": 16, \"in_tuplet\": true, \"tuplet_end\": true, \"tuplet_type\": {\"num_notes\": 3, \"in_space_of\": 2}}, {\"type\": \"n\", \"value\": 8}]',3,0,NULL);
INSERT  IGNORE INTO `rhythm_bars` VALUES (192,'[{\"dot\": true, \"type\": \"n\", \"value\": 8}, {\"type\": \"n\", \"value\": 16}, {\"tie\": true, \"type\": \"n\", \"value\": 8}]',1.5,0,NULL);
INSERT  IGNORE INTO `rhythm_bars` VALUES (193,'[{\"type\": \"n\", \"value\": 16}, {\"type\": \"n\", \"value\": 16}, {\"type\": \"n\", \"value\": 16}, {\"type\": \"r\", \"value\": 16}]',1,NULL,NULL);
INSERT  IGNORE INTO `rhythm_bars` VALUES (194,'[{\"type\": \"r\", \"value\": 16}, {\"type\": \"n\", \"value\": 16}, {\"type\": \"n\", \"value\": 16}, {\"type\": \"n\", \"value\": 16}, {\"type\": \"n\", \"value\": 16}, {\"type\": \"n\", \"value\": 16}]',1.5,NULL,NULL);
INSERT  IGNORE INTO `rhythm_bars` VALUES (195,'[{\"type\": \"n\", \"value\": 16}, {\"type\": \"n\", \"value\": 16}, {\"type\": \"n\", \"value\": 16}, {\"type\": \"n\", \"value\": 16}, {\"type\": \"n\", \"value\": 16}, {\"type\": \"r\", \"value\": 16}]',1.5,NULL,NULL);
INSERT  IGNORE INTO `rhythm_bars` VALUES (196,'[{\"type\": \"r\", \"value\": 8}]',0.5,0,NULL);
INSERT  IGNORE INTO `rhythm_bars` VALUES (197,'[{\"type\": \"n\", \"value\": 16}, {\"type\": \"r\", \"value\": 16}, {\"type\": \"n\", \"value\": 16}, {\"type\": \"n\", \"value\": 16}]',1,0,NULL);
INSERT  IGNORE INTO `rhythm_bars` VALUES (198,'[{\"type\": \"n\", \"value\": 16}, {\"type\": \"n\", \"value\": 16}, {\"type\": \"r\", \"value\": 16}, {\"type\": \"n\", \"value\": 16}]',1,0,NULL);
INSERT  IGNORE INTO `rhythm_bars` VALUES (199,'[{\"type\": \"n\", \"value\": 16}, {\"type\": \"n\", \"value\": 16}]',0.5,0,NULL);
INSERT  IGNORE INTO `rhythm_bars` VALUES (200,'[{\"type\": \"n\", \"value\": 1}]',4,0,NULL);
INSERT  IGNORE INTO `rhythm_bars` VALUES (201,'[{\"type\": \"n\", \"value\": 4, \"in_tuplet\": true}, {\"type\": \"n\", \"value\": 4, \"in_tuplet\": true}, {\"type\": \"n\", \"value\": 4, \"in_tuplet\": true, \"tuplet_end\": true, \"tuplet_type\": {\"num_notes\": 3, \"in_space_of\": 2}}]',2,NULL,NULL);

/* INSERT IGNORE bar_infos */
INSERT  IGNORE INTO `bar_infos` VALUES (1,'{\"base_note\": 4, \"num_beats\": 4}',1,0.6);
INSERT  IGNORE INTO `bar_infos` VALUES (2,'{\"base_note\": 4, \"num_beats\": 3}',1,0.6);
INSERT  IGNORE INTO `bar_infos` VALUES (3,'{\"base_note\": 8, \"num_beats\": 6}',10,0.6);
INSERT  IGNORE INTO `bar_infos` VALUES (4,'{\"base_note\": 4, \"num_beats\": 5, \"subdivisions\": [{\"d\": 4, \"n\": 3}, {\"d\": 4, \"n\": 2}]}',21,0.2);
INSERT  IGNORE INTO `bar_infos` VALUES (5,'{\"base_note\": 4, \"num_beats\": 5, \"subdivisions\": [{\"d\": 4, \"n\": 2}, {\"d\": 4, \"n\": 3}]}',21,0.2);
INSERT  IGNORE INTO `bar_infos` VALUES (6,'{\"base_note\": 8, \"num_beats\": 9}',21,0.4);

/*  INSERT rhythm_features */
INSERT INTO `rhythm_features` VALUES (1,'1. razred - level 1',NULL,NULL,0);
INSERT INTO `rhythm_features` VALUES (2,'1. razred - level 2',NULL,NULL,0);
INSERT INTO `rhythm_features` VALUES (3,'1. razred - level 3',NULL,NULL,0);
INSERT INTO `rhythm_features` VALUES (4,'1. razred - level 4',NULL,NULL,0);
INSERT INTO `rhythm_features` VALUES (5,'2. razred - level 1',NULL,NULL,0);
INSERT INTO `rhythm_features` VALUES (6,'2. razred - level 2',NULL,NULL,0);
INSERT INTO `rhythm_features` VALUES (7,'2. razred - level 3',NULL,NULL,0);
INSERT INTO `rhythm_features` VALUES (8,'2. razred - level 4',NULL,NULL,0);
INSERT INTO `rhythm_features` VALUES (9,'3. razred - level 1 (cetrtinka s piko, vezaj cetrtink, vezaj cetrtink s piko)',NULL,NULL,0);
INSERT INTO `rhythm_features` VALUES (10,'3. razred - level 2 (osminski takt + 3 osminke + cetrtinska pavza s piko)',NULL,NULL,0);
INSERT INTO `rhythm_features` VALUES (11,'3. razred - level 3 (4 sestnajstinke)',NULL,NULL,0);
INSERT INTO `rhythm_features` VALUES (12,'3. razred - level 4 (3 sestnajstinke + sestnajstinske pavze)',NULL,NULL,0);
INSERT INTO `rhythm_features` VALUES (13,'3. razred - level 5 (6 sestnajstink + 5 sestanjstink + 2 sestnajstinki z osminko)',NULL,NULL,0);
INSERT INTO `rhythm_features` VALUES (14,'4. razred - level 1 (osminka 2 sestnajstinki osminka',NULL,NULL,0);
INSERT INTO `rhythm_features` VALUES (15,'4. razred - level 2 (triole)',NULL,NULL,0);
INSERT INTO `rhythm_features` VALUES (16,'4. razred - level 3 (pavza med 4 sestnajstinke + 4 sestnajstinke z osminko)',NULL,NULL,0);
INSERT INTO `rhythm_features` VALUES (17,'4. razred - level 4 (osminka s piko sestnajstinka + 2 sestnajstinki osminka 2 sestanjstinki',NULL,NULL,0);
INSERT INTO `rhythm_features` VALUES (18,'5. razred - level 1 (2 sestnajstinki + osminki vezaj na osminko)',NULL,NULL,0);
INSERT INTO `rhythm_features` VALUES (19,'5. razred - level 2 (sestnajstinka osminka sestnajstinka)',NULL,NULL,0);
INSERT INTO `rhythm_features` VALUES (20,'5. razred - level 3 (osminka s piko 3 sestnajstinke + osminka s piko sestnajstinka osminka)',NULL,NULL,0);
INSERT INTO `rhythm_features` VALUES (21,'5. razred - level 4 (5/8 7/8 9/8 5/4 + cetrtinka s piko vezaj na cetrtinko)',NULL,NULL,0);
INSERT INTO `rhythm_features` VALUES (22,'5. razred - level 5 (triplet cetrtink + celinka + celinka s piko + 3/2 2/2)',NULL,NULL,0);
INSERT INTO `rhythm_features` VALUES (23,'6. razred - level 1',NULL,NULL,0);
INSERT INTO `rhythm_features` VALUES (24,'6. razred - level 2',NULL,NULL,0);
INSERT INTO `rhythm_features` VALUES (25,'6. razred - level 3',NULL,NULL,0);
INSERT INTO `rhythm_features` VALUES (26,'6. razred - level 4',NULL,NULL,0);
/*
INSERT INTO `rhythm_features` VALUES (1,'Level 11 (4/4) (3/4)',NULL,NULL,0);
INSERT INTO `rhythm_features` VALUES (2,'Level 12 (4/4)',NULL,NULL,0);
INSERT INTO `rhythm_features` VALUES (3,'Level 13 (4/4)(3/4)(meano)',NULL,NULL,0);
INSERT INTO `rhythm_features` VALUES (4,'Level 14 pavze (4/4)',NULL,NULL,0);
INSERT INTO `rhythm_features` VALUES (5,'Level 1 crossbars',NULL,NULL,1);
INSERT INTO `rhythm_features` VALUES (6,'Level 11 crossbars (4/4) (3/4)',NULL,NULL,1);
INSERT INTO `rhythm_features` VALUES (9,'Level 11 (6/8)',NULL,NULL,0);
INSERT INTO `rhythm_features` VALUES (10,'Level 11 crossbars (6/8)',NULL,NULL,1);
INSERT INTO `rhythm_features` VALUES (11,'Level 12 crossbars (4/4)',NULL,NULL,1);
INSERT INTO `rhythm_features` VALUES (12,'Level 12 (6/8)',NULL,NULL,0);
INSERT INTO `rhythm_features` VALUES (13,'Level 12 crossbar (6/8)',NULL,NULL,1);
INSERT INTO `rhythm_features` VALUES (14,'Level 12 (5/4)',0,0,0);
INSERT INTO `rhythm_features` VALUES (15,'Level 13 crossbar (4/4)(3/4)(meano)',NULL,NULL,1);
INSERT INTO `rhythm_features` VALUES (16,'Level 13 (6/8)',NULL,NULL,0);
INSERT INTO `rhythm_features` VALUES (17,'Level 13 (6/8) crossbar',NULL,NULL,1);
INSERT INTO `rhythm_features` VALUES (18,'bar',NULL,NULL,1);
INSERT INTO `rhythm_features` VALUES (21,'F1',NULL,NULL,0);
INSERT INTO `rhythm_features` VALUES (22,'F2',NULL,NULL,0);
INSERT INTO `rhythm_features` VALUES (23,'F3',NULL,NULL,0);
INSERT INTO `rhythm_features` VALUES (24,'F4N',1,NULL,0);
INSERT INTO `rhythm_features` VALUES (25,'F4R',NULL,NULL,0);
INSERT INTO `rhythm_features` VALUES (26,'F1 8',NULL,NULL,0);
INSERT INTO `rhythm_features` VALUES (27,'F2 8',NULL,NULL,0);
INSERT INTO `rhythm_features` VALUES (28,'F3 8',NULL,NULL,0);
INSERT INTO `rhythm_features` VALUES (29,'F4N 8',1,NULL,0);
INSERT INTO `rhythm_features` VALUES (30,'F4R 8',NULL,NULL,0);
INSERT INTO `rhythm_features` VALUES (31,'F 21 (4/4, 3/4)',NULL,NULL,0);
INSERT INTO `rhythm_features` VALUES (32,'F 21 (6/8, 9/8)',NULL,NULL,0);
INSERT INTO `rhythm_features` VALUES (33,'F 22 (4/4, 3/4)',NULL,NULL,0);
INSERT INTO `rhythm_features` VALUES (34,'F 22 (6/8, 9/8)',NULL,NULL,0);
INSERT INTO `rhythm_features` VALUES (35,'F 23 (4/4, 3/4)',NULL,NULL,0);
INSERT INTO `rhythm_features` VALUES (36,'F 23 (6/8, 9/8)',NULL,NULL,0);
INSERT INTO `rhythm_features` VALUES (40,'Level 31 (1/4)',NULL,NULL,0);
INSERT INTO `rhythm_features` VALUES (41,'Level 31 (3/8)',NULL,NULL,0);
INSERT INTO `rhythm_features` VALUES (42,'Level 32 (3/8)',NULL,NULL,0);
INSERT INTO `rhythm_features` VALUES (43,'Level 32 (1/4)',NULL,NULL,0);
INSERT INTO `rhythm_features` VALUES (44,'Level 33 (3/8)',NULL,NULL,0);
INSERT INTO `rhythm_features` VALUES (45,'Level 33 (1/4)',NULL,NULL,0);
INSERT INTO `rhythm_features` VALUES (46,'Level 34 (1/4)',NULL,NULL,0);
INSERT INTO `rhythm_features` VALUES (47,'Level 34 (3/8)',NULL,NULL,0);
*/


/*  INSERT rhythm_feature_occurrences */
INSERT INTO `rhythm_feature_occurrences` (rhythm_level, rhythm_feature_id, bar_info_id, feature_probability) VALUES (1,1,1,1);
INSERT INTO `rhythm_feature_occurrences` (rhythm_level, rhythm_feature_id, bar_info_id, feature_probability) VALUES (1,1,2,1);
INSERT INTO `rhythm_feature_occurrences` (rhythm_level, rhythm_feature_id, bar_info_id, feature_probability) VALUES (2,2,1,1);
INSERT INTO `rhythm_feature_occurrences` (rhythm_level, rhythm_feature_id, bar_info_id, feature_probability) VALUES (2,2,2,1);
INSERT INTO `rhythm_feature_occurrences` (rhythm_level, rhythm_feature_id, bar_info_id, feature_probability) VALUES (3,3,1,1);
INSERT INTO `rhythm_feature_occurrences` (rhythm_level, rhythm_feature_id, bar_info_id, feature_probability) VALUES (3,3,2,1);
INSERT INTO `rhythm_feature_occurrences` (rhythm_level, rhythm_feature_id, bar_info_id, feature_probability) VALUES (4,4,1,1);
INSERT INTO `rhythm_feature_occurrences` (rhythm_level, rhythm_feature_id, bar_info_id, feature_probability) VALUES (4,4,2,1);
INSERT INTO `rhythm_feature_occurrences` (rhythm_level, rhythm_feature_id, bar_info_id, feature_probability) VALUES (5,5,1,1);
INSERT INTO `rhythm_feature_occurrences` (rhythm_level, rhythm_feature_id, bar_info_id, feature_probability) VALUES (5,5,2,1);
INSERT INTO `rhythm_feature_occurrences` (rhythm_level, rhythm_feature_id, bar_info_id, feature_probability) VALUES (6,6,1,1);
INSERT INTO `rhythm_feature_occurrences` (rhythm_level, rhythm_feature_id, bar_info_id, feature_probability) VALUES (6,6,2,1);
INSERT INTO `rhythm_feature_occurrences` (rhythm_level, rhythm_feature_id, bar_info_id, feature_probability) VALUES (7,7,1,1);
INSERT INTO `rhythm_feature_occurrences` (rhythm_level, rhythm_feature_id, bar_info_id, feature_probability) VALUES (7,7,2,1);
INSERT INTO `rhythm_feature_occurrences` (rhythm_level, rhythm_feature_id, bar_info_id, feature_probability) VALUES (8,8,1,1);
INSERT INTO `rhythm_feature_occurrences` (rhythm_level, rhythm_feature_id, bar_info_id, feature_probability) VALUES (8,8,2,1);
INSERT INTO `rhythm_feature_occurrences` (rhythm_level, rhythm_feature_id, bar_info_id, feature_probability) VALUES (9,9,1,1);
INSERT INTO `rhythm_feature_occurrences` (rhythm_level, rhythm_feature_id, bar_info_id, feature_probability) VALUES (9,9,2,1);

INSERT INTO `rhythm_feature_occurrences` (rhythm_level, rhythm_feature_id, bar_info_id, feature_probability) VALUES (10,10,1,0);
INSERT INTO `rhythm_feature_occurrences` (rhythm_level, rhythm_feature_id, bar_info_id, feature_probability) VALUES (10,10,2,0);
INSERT INTO `rhythm_feature_occurrences` (rhythm_level, rhythm_feature_id, bar_info_id, feature_probability) VALUES (10,10,3,1);

INSERT INTO `rhythm_feature_occurrences` (rhythm_level, rhythm_feature_id, bar_info_id, feature_probability) VALUES (11,11,1,1);
INSERT INTO `rhythm_feature_occurrences` (rhythm_level, rhythm_feature_id, bar_info_id, feature_probability) VALUES (11,11,2,1);
INSERT INTO `rhythm_feature_occurrences` (rhythm_level, rhythm_feature_id, bar_info_id, feature_probability) VALUES (11,11,3,1);

INSERT INTO `rhythm_feature_occurrences` (rhythm_level, rhythm_feature_id, bar_info_id, feature_probability) VALUES (12,12,1,1);
INSERT INTO `rhythm_feature_occurrences` (rhythm_level, rhythm_feature_id, bar_info_id, feature_probability) VALUES (12,12,2,1);
INSERT INTO `rhythm_feature_occurrences` (rhythm_level, rhythm_feature_id, bar_info_id, feature_probability) VALUES (12,12,3,1);

INSERT INTO `rhythm_feature_occurrences` (rhythm_level, rhythm_feature_id, bar_info_id, feature_probability) VALUES (13,13,1,1);
INSERT INTO `rhythm_feature_occurrences` (rhythm_level, rhythm_feature_id, bar_info_id, feature_probability) VALUES (13,13,2,1);
INSERT INTO `rhythm_feature_occurrences` (rhythm_level, rhythm_feature_id, bar_info_id, feature_probability) VALUES (13,13,3,1);

INSERT INTO `rhythm_feature_occurrences` (rhythm_level, rhythm_feature_id, bar_info_id, feature_probability) VALUES (14,14,1,1);
INSERT INTO `rhythm_feature_occurrences` (rhythm_level, rhythm_feature_id, bar_info_id, feature_probability) VALUES (14,14,2,1);
INSERT INTO `rhythm_feature_occurrences` (rhythm_level, rhythm_feature_id, bar_info_id, feature_probability) VALUES (14,14,3,1);

INSERT INTO `rhythm_feature_occurrences` (rhythm_level, rhythm_feature_id, bar_info_id, feature_probability) VALUES (15,15,1,1);
INSERT INTO `rhythm_feature_occurrences` (rhythm_level, rhythm_feature_id, bar_info_id, feature_probability) VALUES (15,15,2,1);
INSERT INTO `rhythm_feature_occurrences` (rhythm_level, rhythm_feature_id, bar_info_id, feature_probability) VALUES (15,15,3,1);

INSERT INTO `rhythm_feature_occurrences` (rhythm_level, rhythm_feature_id, bar_info_id, feature_probability) VALUES (16,16,1,1);
INSERT INTO `rhythm_feature_occurrences` (rhythm_level, rhythm_feature_id, bar_info_id, feature_probability) VALUES (16,16,2,1);
INSERT INTO `rhythm_feature_occurrences` (rhythm_level, rhythm_feature_id, bar_info_id, feature_probability) VALUES (16,16,3,1);

INSERT INTO `rhythm_feature_occurrences` (rhythm_level, rhythm_feature_id, bar_info_id, feature_probability) VALUES (17,17,1,1);
INSERT INTO `rhythm_feature_occurrences` (rhythm_level, rhythm_feature_id, bar_info_id, feature_probability) VALUES (17,17,2,1);
INSERT INTO `rhythm_feature_occurrences` (rhythm_level, rhythm_feature_id, bar_info_id, feature_probability) VALUES (17,17,3,1);

INSERT INTO `rhythm_feature_occurrences` (rhythm_level, rhythm_feature_id, bar_info_id, feature_probability) VALUES (18,18,1,1);
INSERT INTO `rhythm_feature_occurrences` (rhythm_level, rhythm_feature_id, bar_info_id, feature_probability) VALUES (18,18,2,1);
INSERT INTO `rhythm_feature_occurrences` (rhythm_level, rhythm_feature_id, bar_info_id, feature_probability) VALUES (18,18,3,1);


INSERT INTO `rhythm_feature_occurrences` (rhythm_level, rhythm_feature_id, bar_info_id, feature_probability) VALUES (19,19,1,1);
INSERT INTO `rhythm_feature_occurrences` (rhythm_level, rhythm_feature_id, bar_info_id, feature_probability) VALUES (19,19,2,1);
INSERT INTO `rhythm_feature_occurrences` (rhythm_level, rhythm_feature_id, bar_info_id, feature_probability) VALUES (19,19,3,1);

INSERT INTO `rhythm_feature_occurrences` (rhythm_level, rhythm_feature_id, bar_info_id, feature_probability) VALUES (20,20,1,1);
INSERT INTO `rhythm_feature_occurrences` (rhythm_level, rhythm_feature_id, bar_info_id, feature_probability) VALUES (20,20,2,1);
INSERT INTO `rhythm_feature_occurrences` (rhythm_level, rhythm_feature_id, bar_info_id, feature_probability) VALUES (20,20,3,1);

INSERT INTO `rhythm_feature_occurrences` (rhythm_level, rhythm_feature_id, bar_info_id, feature_probability) VALUES (21,21,1,0);
INSERT INTO `rhythm_feature_occurrences` (rhythm_level, rhythm_feature_id, bar_info_id, feature_probability) VALUES (21,21,2,0);
INSERT INTO `rhythm_feature_occurrences` (rhythm_level, rhythm_feature_id, bar_info_id, feature_probability) VALUES (21,21,3,0);
INSERT INTO `rhythm_feature_occurrences` (rhythm_level, rhythm_feature_id, bar_info_id, feature_probability) VALUES (21,21,4,1);
INSERT INTO `rhythm_feature_occurrences` (rhythm_level, rhythm_feature_id, bar_info_id, feature_probability) VALUES (21,21,5,1);
INSERT INTO `rhythm_feature_occurrences` (rhythm_level, rhythm_feature_id, bar_info_id, feature_probability) VALUES (21,21,6,1);

INSERT INTO `rhythm_feature_occurrences` (rhythm_level, rhythm_feature_id, bar_info_id, feature_probability) VALUES (22,22,1,1);
INSERT INTO `rhythm_feature_occurrences` (rhythm_level, rhythm_feature_id, bar_info_id, feature_probability) VALUES (22,22,2,1);
INSERT INTO `rhythm_feature_occurrences` (rhythm_level, rhythm_feature_id, bar_info_id, feature_probability) VALUES (22,22,3,1);
INSERT INTO `rhythm_feature_occurrences` (rhythm_level, rhythm_feature_id, bar_info_id, feature_probability) VALUES (22,22,4,1);
INSERT INTO `rhythm_feature_occurrences` (rhythm_level, rhythm_feature_id, bar_info_id, feature_probability) VALUES (22,22,5,1);
INSERT INTO `rhythm_feature_occurrences` (rhythm_level, rhythm_feature_id, bar_info_id, feature_probability) VALUES (22,22,6,1);

/*
INSERT INTO `rhythm_feature_occurrences` (rhythm_level, rhythm_feature_id, bar_info_id, feature_probability) VALUES (11,18,1,1);
INSERT INTO `rhythm_feature_occurrences` (rhythm_level, rhythm_feature_id, bar_info_id, feature_probability) VALUES (11,18,2,1);
INSERT INTO `rhythm_feature_occurrences` (rhythm_level, rhythm_feature_id, bar_info_id, feature_probability) VALUES (11,18,3,1);
INSERT INTO `rhythm_feature_occurrences` (rhythm_level, rhythm_feature_id, bar_info_id, feature_probability) VALUES (11,21,1,1);
INSERT INTO `rhythm_feature_occurrences` (rhythm_level, rhythm_feature_id, bar_info_id, feature_probability) VALUES (11,21,2,1);
INSERT INTO `rhythm_feature_occurrences` (rhythm_level, rhythm_feature_id, bar_info_id, feature_probability) VALUES (11,26,3,1);
INSERT INTO `rhythm_feature_occurrences` (rhythm_level, rhythm_feature_id, bar_info_id, feature_probability) VALUES (12,18,1,1);
INSERT INTO `rhythm_feature_occurrences` (rhythm_level, rhythm_feature_id, bar_info_id, feature_probability) VALUES (12,18,2,1);
INSERT INTO `rhythm_feature_occurrences` (rhythm_level, rhythm_feature_id, bar_info_id, feature_probability) VALUES (12,18,3,1);
INSERT INTO `rhythm_feature_occurrences` (rhythm_level, rhythm_feature_id, bar_info_id, feature_probability) VALUES (12,22,1,1);
INSERT INTO `rhythm_feature_occurrences` (rhythm_level, rhythm_feature_id, bar_info_id, feature_probability) VALUES (12,22,2,1);
INSERT INTO `rhythm_feature_occurrences` (rhythm_level, rhythm_feature_id, bar_info_id, feature_probability) VALUES (12,27,3,1);
INSERT INTO `rhythm_feature_occurrences` (rhythm_level, rhythm_feature_id, bar_info_id, feature_probability) VALUES (13,18,1,1);
INSERT INTO `rhythm_feature_occurrences` (rhythm_level, rhythm_feature_id, bar_info_id, feature_probability) VALUES (13,18,2,1);
INSERT INTO `rhythm_feature_occurrences` (rhythm_level, rhythm_feature_id, bar_info_id, feature_probability) VALUES (13,18,3,1);
INSERT INTO `rhythm_feature_occurrences` (rhythm_level, rhythm_feature_id, bar_info_id, feature_probability) VALUES (13,23,1,1);
INSERT INTO `rhythm_feature_occurrences` (rhythm_level, rhythm_feature_id, bar_info_id, feature_probability) VALUES (13,23,2,1);
INSERT INTO `rhythm_feature_occurrences` (rhythm_level, rhythm_feature_id, bar_info_id, feature_probability) VALUES (13,27,3,0.6);
INSERT INTO `rhythm_feature_occurrences` (rhythm_level, rhythm_feature_id, bar_info_id, feature_probability) VALUES (13,28,3,0.4);
INSERT INTO `rhythm_feature_occurrences` (rhythm_level, rhythm_feature_id, bar_info_id, feature_probability) VALUES (14,18,1,1);
INSERT INTO `rhythm_feature_occurrences` (rhythm_level, rhythm_feature_id, bar_info_id, feature_probability) VALUES (14,18,2,1);
INSERT INTO `rhythm_feature_occurrences` (rhythm_level, rhythm_feature_id, bar_info_id, feature_probability) VALUES (14,18,3,1);
INSERT INTO `rhythm_feature_occurrences` (rhythm_level, rhythm_feature_id, bar_info_id, feature_probability) VALUES (14,24,1,0.4);
INSERT INTO `rhythm_feature_occurrences` (rhythm_level, rhythm_feature_id, bar_info_id, feature_probability) VALUES (14,24,2,0.4);
INSERT INTO `rhythm_feature_occurrences` (rhythm_level, rhythm_feature_id, bar_info_id, feature_probability) VALUES (14,25,1,0.6);
INSERT INTO `rhythm_feature_occurrences` (rhythm_level, rhythm_feature_id, bar_info_id, feature_probability) VALUES (14,25,2,0.6);
INSERT INTO `rhythm_feature_occurrences` (rhythm_level, rhythm_feature_id, bar_info_id, feature_probability) VALUES (14,29,3,0.3);
INSERT INTO `rhythm_feature_occurrences` (rhythm_level, rhythm_feature_id, bar_info_id, feature_probability) VALUES (14,30,3,0.7);
INSERT INTO `rhythm_feature_occurrences` (rhythm_level, rhythm_feature_id, bar_info_id, feature_probability) VALUES (21,18,1,1);
INSERT INTO `rhythm_feature_occurrences` (rhythm_level, rhythm_feature_id, bar_info_id, feature_probability) VALUES (21,18,2,1);
INSERT INTO `rhythm_feature_occurrences` (rhythm_level, rhythm_feature_id, bar_info_id, feature_probability) VALUES (21,18,3,1);
INSERT INTO `rhythm_feature_occurrences` (rhythm_level, rhythm_feature_id, bar_info_id, feature_probability) VALUES (21,31,1,1);
INSERT INTO `rhythm_feature_occurrences` (rhythm_level, rhythm_feature_id, bar_info_id, feature_probability) VALUES (21,31,2,1);
INSERT INTO `rhythm_feature_occurrences` (rhythm_level, rhythm_feature_id, bar_info_id, feature_probability) VALUES (21,32,3,1);
INSERT INTO `rhythm_feature_occurrences` (rhythm_level, rhythm_feature_id, bar_info_id, feature_probability) VALUES (22,18,1,1);
INSERT INTO `rhythm_feature_occurrences` (rhythm_level, rhythm_feature_id, bar_info_id, feature_probability) VALUES (22,18,2,1);
INSERT INTO `rhythm_feature_occurrences` (rhythm_level, rhythm_feature_id, bar_info_id, feature_probability) VALUES (22,18,3,1);
INSERT INTO `rhythm_feature_occurrences` (rhythm_level, rhythm_feature_id, bar_info_id, feature_probability) VALUES (22,18,6,1);
INSERT INTO `rhythm_feature_occurrences` (rhythm_level, rhythm_feature_id, bar_info_id, feature_probability) VALUES (22,33,1,1);
INSERT INTO `rhythm_feature_occurrences` (rhythm_level, rhythm_feature_id, bar_info_id, feature_probability) VALUES (22,33,2,1);
INSERT INTO `rhythm_feature_occurrences` (rhythm_level, rhythm_feature_id, bar_info_id, feature_probability) VALUES (22,34,3,1);
INSERT INTO `rhythm_feature_occurrences` (rhythm_level, rhythm_feature_id, bar_info_id, feature_probability) VALUES (22,34,6,1);
INSERT INTO `rhythm_feature_occurrences` (rhythm_level, rhythm_feature_id, bar_info_id, feature_probability) VALUES (23,18,1,1);
INSERT INTO `rhythm_feature_occurrences` (rhythm_level, rhythm_feature_id, bar_info_id, feature_probability) VALUES (23,18,2,1);
INSERT INTO `rhythm_feature_occurrences` (rhythm_level, rhythm_feature_id, bar_info_id, feature_probability) VALUES (23,18,3,1);
INSERT INTO `rhythm_feature_occurrences` (rhythm_level, rhythm_feature_id, bar_info_id, feature_probability) VALUES (23,18,6,1);
INSERT INTO `rhythm_feature_occurrences` (rhythm_level, rhythm_feature_id, bar_info_id, feature_probability) VALUES (23,35,1,1);
INSERT INTO `rhythm_feature_occurrences` (rhythm_level, rhythm_feature_id, bar_info_id, feature_probability) VALUES (23,35,2,1);
INSERT INTO `rhythm_feature_occurrences` (rhythm_level, rhythm_feature_id, bar_info_id, feature_probability) VALUES (23,36,3,1);
INSERT INTO `rhythm_feature_occurrences` (rhythm_level, rhythm_feature_id, bar_info_id, feature_probability) VALUES (23,36,6,1);
INSERT INTO `rhythm_feature_occurrences` (rhythm_level, rhythm_feature_id, bar_info_id, feature_probability) VALUES (24,18,1,1);
INSERT INTO `rhythm_feature_occurrences` (rhythm_level, rhythm_feature_id, bar_info_id, feature_probability) VALUES (24,18,2,1);
INSERT INTO `rhythm_feature_occurrences` (rhythm_level, rhythm_feature_id, bar_info_id, feature_probability) VALUES (24,18,3,1);
INSERT INTO `rhythm_feature_occurrences` (rhythm_level, rhythm_feature_id, bar_info_id, feature_probability) VALUES (24,18,6,1);
INSERT INTO `rhythm_feature_occurrences` (rhythm_level, rhythm_feature_id, bar_info_id, feature_probability) VALUES (24,31,1,0.5);
INSERT INTO `rhythm_feature_occurrences` (rhythm_level, rhythm_feature_id, bar_info_id, feature_probability) VALUES (24,31,2,0.5);
INSERT INTO `rhythm_feature_occurrences` (rhythm_level, rhythm_feature_id, bar_info_id, feature_probability) VALUES (24,32,3,0.5);
INSERT INTO `rhythm_feature_occurrences` (rhythm_level, rhythm_feature_id, bar_info_id, feature_probability) VALUES (24,32,6,0.5);
INSERT INTO `rhythm_feature_occurrences` (rhythm_level, rhythm_feature_id, bar_info_id, feature_probability) VALUES (24,33,1,0.5);
INSERT INTO `rhythm_feature_occurrences` (rhythm_level, rhythm_feature_id, bar_info_id, feature_probability) VALUES (24,33,2,0.5);
INSERT INTO `rhythm_feature_occurrences` (rhythm_level, rhythm_feature_id, bar_info_id, feature_probability) VALUES (24,34,3,0.5);
INSERT INTO `rhythm_feature_occurrences` (rhythm_level, rhythm_feature_id, bar_info_id, feature_probability) VALUES (24,34,6,0.5);
INSERT INTO `rhythm_feature_occurrences` (rhythm_level, rhythm_feature_id, bar_info_id, feature_probability) VALUES (24,35,1,0.5);
INSERT INTO `rhythm_feature_occurrences` (rhythm_level, rhythm_feature_id, bar_info_id, feature_probability) VALUES (24,35,2,0.5);
INSERT INTO `rhythm_feature_occurrences` (rhythm_level, rhythm_feature_id, bar_info_id, feature_probability) VALUES (24,36,3,0.5);
INSERT INTO `rhythm_feature_occurrences` (rhythm_level, rhythm_feature_id, bar_info_id, feature_probability) VALUES (24,36,6,0.5);
INSERT INTO `rhythm_feature_occurrences` (rhythm_level, rhythm_feature_id, bar_info_id, feature_probability) VALUES (31,18,1,1);
INSERT INTO `rhythm_feature_occurrences` (rhythm_level, rhythm_feature_id, bar_info_id, feature_probability) VALUES (31,18,2,1);
INSERT INTO `rhythm_feature_occurrences` (rhythm_level, rhythm_feature_id, bar_info_id, feature_probability) VALUES (31,18,3,1);
INSERT INTO `rhythm_feature_occurrences` (rhythm_level, rhythm_feature_id, bar_info_id, feature_probability) VALUES (31,18,4,1);
INSERT INTO `rhythm_feature_occurrences` (rhythm_level, rhythm_feature_id, bar_info_id, feature_probability) VALUES (31,18,5,1);
INSERT INTO `rhythm_feature_occurrences` (rhythm_level, rhythm_feature_id, bar_info_id, feature_probability) VALUES (31,18,6,1);
INSERT INTO `rhythm_feature_occurrences` (rhythm_level, rhythm_feature_id, bar_info_id, feature_probability) VALUES (31,40,1,0.5);
INSERT INTO `rhythm_feature_occurrences` (rhythm_level, rhythm_feature_id, bar_info_id, feature_probability) VALUES (31,40,2,0.5);
INSERT INTO `rhythm_feature_occurrences` (rhythm_level, rhythm_feature_id, bar_info_id, feature_probability) VALUES (31,40,4,0.5);
INSERT INTO `rhythm_feature_occurrences` (rhythm_level, rhythm_feature_id, bar_info_id, feature_probability) VALUES (31,40,5,0.5);
INSERT INTO `rhythm_feature_occurrences` (rhythm_level, rhythm_feature_id, bar_info_id, feature_probability) VALUES (31,41,3,0.5);
INSERT INTO `rhythm_feature_occurrences` (rhythm_level, rhythm_feature_id, bar_info_id, feature_probability) VALUES (31,41,6,0.5);
INSERT INTO `rhythm_feature_occurrences` (rhythm_level, rhythm_feature_id, bar_info_id, feature_probability) VALUES (32,18,1,1);
INSERT INTO `rhythm_feature_occurrences` (rhythm_level, rhythm_feature_id, bar_info_id, feature_probability) VALUES (32,18,2,1);
INSERT INTO `rhythm_feature_occurrences` (rhythm_level, rhythm_feature_id, bar_info_id, feature_probability) VALUES (32,18,3,1);
INSERT INTO `rhythm_feature_occurrences` (rhythm_level, rhythm_feature_id, bar_info_id, feature_probability) VALUES (32,18,4,1);
INSERT INTO `rhythm_feature_occurrences` (rhythm_level, rhythm_feature_id, bar_info_id, feature_probability) VALUES (32,18,5,1);
INSERT INTO `rhythm_feature_occurrences` (rhythm_level, rhythm_feature_id, bar_info_id, feature_probability) VALUES (32,18,6,1);
INSERT INTO `rhythm_feature_occurrences` (rhythm_level, rhythm_feature_id, bar_info_id, feature_probability) VALUES (32,42,3,0.5);
INSERT INTO `rhythm_feature_occurrences` (rhythm_level, rhythm_feature_id, bar_info_id, feature_probability) VALUES (32,42,6,0.5);
INSERT INTO `rhythm_feature_occurrences` (rhythm_level, rhythm_feature_id, bar_info_id, feature_probability) VALUES (32,43,1,0.5);
INSERT INTO `rhythm_feature_occurrences` (rhythm_level, rhythm_feature_id, bar_info_id, feature_probability) VALUES (32,43,2,0.5);
INSERT INTO `rhythm_feature_occurrences` (rhythm_level, rhythm_feature_id, bar_info_id, feature_probability) VALUES (32,43,4,0.5);
INSERT INTO `rhythm_feature_occurrences` (rhythm_level, rhythm_feature_id, bar_info_id, feature_probability) VALUES (32,43,5,0.5);
INSERT INTO `rhythm_feature_occurrences` (rhythm_level, rhythm_feature_id, bar_info_id, feature_probability) VALUES (33,18,1,1);
INSERT INTO `rhythm_feature_occurrences` (rhythm_level, rhythm_feature_id, bar_info_id, feature_probability) VALUES (33,18,2,1);
INSERT INTO `rhythm_feature_occurrences` (rhythm_level, rhythm_feature_id, bar_info_id, feature_probability) VALUES (33,18,3,1);
INSERT INTO `rhythm_feature_occurrences` (rhythm_level, rhythm_feature_id, bar_info_id, feature_probability) VALUES (33,18,4,1);
INSERT INTO `rhythm_feature_occurrences` (rhythm_level, rhythm_feature_id, bar_info_id, feature_probability) VALUES (33,18,5,1);
INSERT INTO `rhythm_feature_occurrences` (rhythm_level, rhythm_feature_id, bar_info_id, feature_probability) VALUES (33,18,6,1);
INSERT INTO `rhythm_feature_occurrences` (rhythm_level, rhythm_feature_id, bar_info_id, feature_probability) VALUES (33,44,3,0.5);
INSERT INTO `rhythm_feature_occurrences` (rhythm_level, rhythm_feature_id, bar_info_id, feature_probability) VALUES (33,44,6,0.5);
INSERT INTO `rhythm_feature_occurrences` (rhythm_level, rhythm_feature_id, bar_info_id, feature_probability) VALUES (33,45,1,0.5);
INSERT INTO `rhythm_feature_occurrences` (rhythm_level, rhythm_feature_id, bar_info_id, feature_probability) VALUES (33,45,2,0.5);
INSERT INTO `rhythm_feature_occurrences` (rhythm_level, rhythm_feature_id, bar_info_id, feature_probability) VALUES (33,45,4,0.5);
INSERT INTO `rhythm_feature_occurrences` (rhythm_level, rhythm_feature_id, bar_info_id, feature_probability) VALUES (33,45,5,0.5);
INSERT INTO `rhythm_feature_occurrences` (rhythm_level, rhythm_feature_id, bar_info_id, feature_probability) VALUES (34,18,1,1);
INSERT INTO `rhythm_feature_occurrences` (rhythm_level, rhythm_feature_id, bar_info_id, feature_probability) VALUES (34,18,2,1);
INSERT INTO `rhythm_feature_occurrences` (rhythm_level, rhythm_feature_id, bar_info_id, feature_probability) VALUES (34,18,3,1);
INSERT INTO `rhythm_feature_occurrences` (rhythm_level, rhythm_feature_id, bar_info_id, feature_probability) VALUES (34,18,4,1);
INSERT INTO `rhythm_feature_occurrences` (rhythm_level, rhythm_feature_id, bar_info_id, feature_probability) VALUES (34,18,5,1);
INSERT INTO `rhythm_feature_occurrences` (rhythm_level, rhythm_feature_id, bar_info_id, feature_probability) VALUES (34,18,6,1);
INSERT INTO `rhythm_feature_occurrences` (rhythm_level, rhythm_feature_id, bar_info_id, feature_probability) VALUES (34,46,1,0.5);
INSERT INTO `rhythm_feature_occurrences` (rhythm_level, rhythm_feature_id, bar_info_id, feature_probability) VALUES (34,46,2,0.5);
INSERT INTO `rhythm_feature_occurrences` (rhythm_level, rhythm_feature_id, bar_info_id, feature_probability) VALUES (34,46,4,0.5);
INSERT INTO `rhythm_feature_occurrences` (rhythm_level, rhythm_feature_id, bar_info_id, feature_probability) VALUES (34,46,5,0.5);
INSERT INTO `rhythm_feature_occurrences` (rhythm_level, rhythm_feature_id, bar_info_id, feature_probability) VALUES (34,47,3,0.5);
INSERT INTO `rhythm_feature_occurrences` (rhythm_level, rhythm_feature_id, bar_info_id, feature_probability) VALUES (34,47,6,0.5);
*/

/*  INSERT rhythm_bar_occurrences */
INSERT INTO `rhythm_bar_occurrences` (rhythm_bar_id, rhythm_feature_id, bar_probability) VALUES (2,1,1);
INSERT INTO `rhythm_bar_occurrences` (rhythm_bar_id, rhythm_feature_id, bar_probability) VALUES (4,1,1);
INSERT INTO `rhythm_bar_occurrences` (rhythm_bar_id, rhythm_feature_id, bar_probability) VALUES (2,2,1);
INSERT INTO `rhythm_bar_occurrences` (rhythm_bar_id, rhythm_feature_id, bar_probability) VALUES (4,2,1);
INSERT INTO `rhythm_bar_occurrences` (rhythm_bar_id, rhythm_feature_id, bar_probability) VALUES (5,2,1);
INSERT INTO `rhythm_bar_occurrences` (rhythm_bar_id, rhythm_feature_id, bar_probability) VALUES (2,3,1);
INSERT INTO `rhythm_bar_occurrences` (rhythm_bar_id, rhythm_feature_id, bar_probability) VALUES (4,3,1);
INSERT INTO `rhythm_bar_occurrences` (rhythm_bar_id, rhythm_feature_id, bar_probability) VALUES (5,3,1);
INSERT INTO `rhythm_bar_occurrences` (rhythm_bar_id, rhythm_feature_id, bar_probability) VALUES (7,3,1);
INSERT INTO `rhythm_bar_occurrences` (rhythm_bar_id, rhythm_feature_id, bar_probability) VALUES (2,4,1);
INSERT INTO `rhythm_bar_occurrences` (rhythm_bar_id, rhythm_feature_id, bar_probability) VALUES (3,4,1);
INSERT INTO `rhythm_bar_occurrences` (rhythm_bar_id, rhythm_feature_id, bar_probability) VALUES (4,4,1);
INSERT INTO `rhythm_bar_occurrences` (rhythm_bar_id, rhythm_feature_id, bar_probability) VALUES (5,4,1);
INSERT INTO `rhythm_bar_occurrences` (rhythm_bar_id, rhythm_feature_id, bar_probability) VALUES (6,4,0.2);
INSERT INTO `rhythm_bar_occurrences` (rhythm_bar_id, rhythm_feature_id, bar_probability) VALUES (7,4,1);
INSERT INTO `rhythm_bar_occurrences` (rhythm_bar_id, rhythm_feature_id, bar_probability) VALUES (2,5,1);
INSERT INTO `rhythm_bar_occurrences` (rhythm_bar_id, rhythm_feature_id, bar_probability) VALUES (3,5,1);
INSERT INTO `rhythm_bar_occurrences` (rhythm_bar_id, rhythm_feature_id, bar_probability) VALUES (4,5,1);
INSERT INTO `rhythm_bar_occurrences` (rhythm_bar_id, rhythm_feature_id, bar_probability) VALUES (5,5,1);
INSERT INTO `rhythm_bar_occurrences` (rhythm_bar_id, rhythm_feature_id, bar_probability) VALUES (6,5,0.2);
INSERT INTO `rhythm_bar_occurrences` (rhythm_bar_id, rhythm_feature_id, bar_probability) VALUES (7,5,1);
INSERT INTO `rhythm_bar_occurrences` (rhythm_bar_id, rhythm_feature_id, bar_probability) VALUES (2,6,1);
INSERT INTO `rhythm_bar_occurrences` (rhythm_bar_id, rhythm_feature_id, bar_probability) VALUES (3,6,1);
INSERT INTO `rhythm_bar_occurrences` (rhythm_bar_id, rhythm_feature_id, bar_probability) VALUES (4,6,1);
INSERT INTO `rhythm_bar_occurrences` (rhythm_bar_id, rhythm_feature_id, bar_probability) VALUES (5,6,1);
INSERT INTO `rhythm_bar_occurrences` (rhythm_bar_id, rhythm_feature_id, bar_probability) VALUES (6,6,0.3);
INSERT INTO `rhythm_bar_occurrences` (rhythm_bar_id, rhythm_feature_id, bar_probability) VALUES (7,6,1);
INSERT INTO `rhythm_bar_occurrences` (rhythm_bar_id, rhythm_feature_id, bar_probability) VALUES (8,6,0.3);
INSERT INTO `rhythm_bar_occurrences` (rhythm_bar_id, rhythm_feature_id, bar_probability) VALUES (9,6,0.3);
INSERT INTO `rhythm_bar_occurrences` (rhythm_bar_id, rhythm_feature_id, bar_probability) VALUES (2,7,1);
INSERT INTO `rhythm_bar_occurrences` (rhythm_bar_id, rhythm_feature_id, bar_probability) VALUES (3,7,0.5);
INSERT INTO `rhythm_bar_occurrences` (rhythm_bar_id, rhythm_feature_id, bar_probability) VALUES (4,7,1);
INSERT INTO `rhythm_bar_occurrences` (rhythm_bar_id, rhythm_feature_id, bar_probability) VALUES (5,7,0.5);
INSERT INTO `rhythm_bar_occurrences` (rhythm_bar_id, rhythm_feature_id, bar_probability) VALUES (6,7,0.3);
INSERT INTO `rhythm_bar_occurrences` (rhythm_bar_id, rhythm_feature_id, bar_probability) VALUES (7,7,1);
INSERT INTO `rhythm_bar_occurrences` (rhythm_bar_id, rhythm_feature_id, bar_probability) VALUES (8,7,0.7);
INSERT INTO `rhythm_bar_occurrences` (rhythm_bar_id, rhythm_feature_id, bar_probability) VALUES (9,7,0.7);
INSERT INTO `rhythm_bar_occurrences` (rhythm_bar_id, rhythm_feature_id, bar_probability) VALUES (2,8,1);
INSERT INTO `rhythm_bar_occurrences` (rhythm_bar_id, rhythm_feature_id, bar_probability) VALUES (3,8,0.2);
INSERT INTO `rhythm_bar_occurrences` (rhythm_bar_id, rhythm_feature_id, bar_probability) VALUES (4,8,0.1);
INSERT INTO `rhythm_bar_occurrences` (rhythm_bar_id, rhythm_feature_id, bar_probability) VALUES (5,8,1);
INSERT INTO `rhythm_bar_occurrences` (rhythm_bar_id, rhythm_feature_id, bar_probability) VALUES (6,8,0.1);
INSERT INTO `rhythm_bar_occurrences` (rhythm_bar_id, rhythm_feature_id, bar_probability) VALUES (7,8,1);
INSERT INTO `rhythm_bar_occurrences` (rhythm_bar_id, rhythm_feature_id, bar_probability) VALUES (8,8,1);
INSERT INTO `rhythm_bar_occurrences` (rhythm_bar_id, rhythm_feature_id, bar_probability) VALUES (9,8,1);

INSERT INTO `rhythm_bar_occurrences` (rhythm_bar_id, rhythm_feature_id, bar_probability) VALUES (2,9,1);
INSERT INTO `rhythm_bar_occurrences` (rhythm_bar_id, rhythm_feature_id, bar_probability) VALUES (3,9,0.2);
INSERT INTO `rhythm_bar_occurrences` (rhythm_bar_id, rhythm_feature_id, bar_probability) VALUES (4,9,0.1);
INSERT INTO `rhythm_bar_occurrences` (rhythm_bar_id, rhythm_feature_id, bar_probability) VALUES (5,9,1);
INSERT INTO `rhythm_bar_occurrences` (rhythm_bar_id, rhythm_feature_id, bar_probability) VALUES (6,9,0.1);
INSERT INTO `rhythm_bar_occurrences` (rhythm_bar_id, rhythm_feature_id, bar_probability) VALUES (7,9,1);
INSERT INTO `rhythm_bar_occurrences` (rhythm_bar_id, rhythm_feature_id, bar_probability) VALUES (8,9,1);
INSERT INTO `rhythm_bar_occurrences` (rhythm_bar_id, rhythm_feature_id, bar_probability) VALUES (9,9,1);
INSERT INTO `rhythm_bar_occurrences` (rhythm_bar_id, rhythm_feature_id, bar_probability) VALUES (19,9,1);
INSERT INTO `rhythm_bar_occurrences` (rhythm_bar_id, rhythm_feature_id, bar_probability) VALUES (196,9,1);
/* vezaj cetrtink + vezaj ctrtink s piko */

INSERT INTO `rhythm_bar_occurrences` (rhythm_bar_id, rhythm_feature_id, bar_probability) VALUES (2,10,1);
INSERT INTO `rhythm_bar_occurrences` (rhythm_bar_id, rhythm_feature_id, bar_probability) VALUES (3,10,0.2);
INSERT INTO `rhythm_bar_occurrences` (rhythm_bar_id, rhythm_feature_id, bar_probability) VALUES (4,10,0.1);
INSERT INTO `rhythm_bar_occurrences` (rhythm_bar_id, rhythm_feature_id, bar_probability) VALUES (5,10,1);
INSERT INTO `rhythm_bar_occurrences` (rhythm_bar_id, rhythm_feature_id, bar_probability) VALUES (6,10,0.1);
INSERT INTO `rhythm_bar_occurrences` (rhythm_bar_id, rhythm_feature_id, bar_probability) VALUES (7,10,1);
INSERT INTO `rhythm_bar_occurrences` (rhythm_bar_id, rhythm_feature_id, bar_probability) VALUES (8,10,1);
INSERT INTO `rhythm_bar_occurrences` (rhythm_bar_id, rhythm_feature_id, bar_probability) VALUES (9,10,1);
INSERT INTO `rhythm_bar_occurrences` (rhythm_bar_id, rhythm_feature_id, bar_probability) VALUES (19,10,1);
INSERT INTO `rhythm_bar_occurrences` (rhythm_bar_id, rhythm_feature_id, bar_probability) VALUES (20,10,1);
INSERT INTO `rhythm_bar_occurrences` (rhythm_bar_id, rhythm_feature_id, bar_probability) VALUES (34,10,1);
INSERT INTO `rhythm_bar_occurrences` (rhythm_bar_id, rhythm_feature_id, bar_probability) VALUES (196,10,0.1);

INSERT INTO `rhythm_bar_occurrences` (rhythm_bar_id, rhythm_feature_id, bar_probability) VALUES (2,11,1);
INSERT INTO `rhythm_bar_occurrences` (rhythm_bar_id, rhythm_feature_id, bar_probability) VALUES (3,11,0.2);
INSERT INTO `rhythm_bar_occurrences` (rhythm_bar_id, rhythm_feature_id, bar_probability) VALUES (4,11,0.5);
INSERT INTO `rhythm_bar_occurrences` (rhythm_bar_id, rhythm_feature_id, bar_probability) VALUES (5,11,0.1);
INSERT INTO `rhythm_bar_occurrences` (rhythm_bar_id, rhythm_feature_id, bar_probability) VALUES (6,11,0.1);
INSERT INTO `rhythm_bar_occurrences` (rhythm_bar_id, rhythm_feature_id, bar_probability) VALUES (7,11,0.1);
INSERT INTO `rhythm_bar_occurrences` (rhythm_bar_id, rhythm_feature_id, bar_probability) VALUES (8,11,0.1);
INSERT INTO `rhythm_bar_occurrences` (rhythm_bar_id, rhythm_feature_id, bar_probability) VALUES (9,11,0.1);
INSERT INTO `rhythm_bar_occurrences` (rhythm_bar_id, rhythm_feature_id, bar_probability) VALUES (13,11,1);
INSERT INTO `rhythm_bar_occurrences` (rhythm_bar_id, rhythm_feature_id, bar_probability) VALUES (19,11,0.1);
INSERT INTO `rhythm_bar_occurrences` (rhythm_bar_id, rhythm_feature_id, bar_probability) VALUES (20,11,0.1);
INSERT INTO `rhythm_bar_occurrences` (rhythm_bar_id, rhythm_feature_id, bar_probability) VALUES (34,11,0.1);
INSERT INTO `rhythm_bar_occurrences` (rhythm_bar_id, rhythm_feature_id, bar_probability) VALUES (196,11,0.1);

INSERT INTO `rhythm_bar_occurrences` (rhythm_bar_id, rhythm_feature_id, bar_probability) VALUES (2,12,1);
INSERT INTO `rhythm_bar_occurrences` (rhythm_bar_id, rhythm_feature_id, bar_probability) VALUES (3,12,0.2);
INSERT INTO `rhythm_bar_occurrences` (rhythm_bar_id, rhythm_feature_id, bar_probability) VALUES (4,12,0.1);
INSERT INTO `rhythm_bar_occurrences` (rhythm_bar_id, rhythm_feature_id, bar_probability) VALUES (5,12,0.1);
INSERT INTO `rhythm_bar_occurrences` (rhythm_bar_id, rhythm_feature_id, bar_probability) VALUES (6,12,0.1);
INSERT INTO `rhythm_bar_occurrences` (rhythm_bar_id, rhythm_feature_id, bar_probability) VALUES (7,12,0.1);
INSERT INTO `rhythm_bar_occurrences` (rhythm_bar_id, rhythm_feature_id, bar_probability) VALUES (8,12,0.1);
INSERT INTO `rhythm_bar_occurrences` (rhythm_bar_id, rhythm_feature_id, bar_probability) VALUES (9,12,0.1);
INSERT INTO `rhythm_bar_occurrences` (rhythm_bar_id, rhythm_feature_id, bar_probability) VALUES (13,12,0.1);
INSERT INTO `rhythm_bar_occurrences` (rhythm_bar_id, rhythm_feature_id, bar_probability) VALUES (19,12,0.1);
INSERT INTO `rhythm_bar_occurrences` (rhythm_bar_id, rhythm_feature_id, bar_probability) VALUES (20,12,0.1);
INSERT INTO `rhythm_bar_occurrences` (rhythm_bar_id, rhythm_feature_id, bar_probability) VALUES (34,12,0.1);
INSERT INTO `rhythm_bar_occurrences` (rhythm_bar_id, rhythm_feature_id, bar_probability) VALUES (68,12,1);
INSERT INTO `rhythm_bar_occurrences` (rhythm_bar_id, rhythm_feature_id, bar_probability) VALUES (193,12,1);
INSERT INTO `rhythm_bar_occurrences` (rhythm_bar_id, rhythm_feature_id, bar_probability) VALUES (196,12,0.1);

INSERT INTO `rhythm_bar_occurrences` (rhythm_bar_id, rhythm_feature_id, bar_probability) VALUES (2,13,1);
INSERT INTO `rhythm_bar_occurrences` (rhythm_bar_id, rhythm_feature_id, bar_probability) VALUES (3,13,0.2);
INSERT INTO `rhythm_bar_occurrences` (rhythm_bar_id, rhythm_feature_id, bar_probability) VALUES (4,13,0.1);
INSERT INTO `rhythm_bar_occurrences` (rhythm_bar_id, rhythm_feature_id, bar_probability) VALUES (5,13,0.1);
INSERT INTO `rhythm_bar_occurrences` (rhythm_bar_id, rhythm_feature_id, bar_probability) VALUES (6,13,0.1);
INSERT INTO `rhythm_bar_occurrences` (rhythm_bar_id, rhythm_feature_id, bar_probability) VALUES (7,13,0.1);
INSERT INTO `rhythm_bar_occurrences` (rhythm_bar_id, rhythm_feature_id, bar_probability) VALUES (8,13,0.1);
INSERT INTO `rhythm_bar_occurrences` (rhythm_bar_id, rhythm_feature_id, bar_probability) VALUES (9,13,0.1);
INSERT INTO `rhythm_bar_occurrences` (rhythm_bar_id, rhythm_feature_id, bar_probability) VALUES (13,13,0.1);
INSERT INTO `rhythm_bar_occurrences` (rhythm_bar_id, rhythm_feature_id, bar_probability) VALUES (19,13,0.1);
INSERT INTO `rhythm_bar_occurrences` (rhythm_bar_id, rhythm_feature_id, bar_probability) VALUES (20,13,0.1);
INSERT INTO `rhythm_bar_occurrences` (rhythm_bar_id, rhythm_feature_id, bar_probability) VALUES (34,13,1);
INSERT INTO `rhythm_bar_occurrences` (rhythm_bar_id, rhythm_feature_id, bar_probability) VALUES (59,13,1);
INSERT INTO `rhythm_bar_occurrences` (rhythm_bar_id, rhythm_feature_id, bar_probability) VALUES (68,13,1);
INSERT INTO `rhythm_bar_occurrences` (rhythm_bar_id, rhythm_feature_id, bar_probability) VALUES (193,13,1);
INSERT INTO `rhythm_bar_occurrences` (rhythm_bar_id, rhythm_feature_id, bar_probability) VALUES (194,13,1);
INSERT INTO `rhythm_bar_occurrences` (rhythm_bar_id, rhythm_feature_id, bar_probability) VALUES (195,13,1);
INSERT INTO `rhythm_bar_occurrences` (rhythm_bar_id, rhythm_feature_id, bar_probability) VALUES (196,13,0.1);

INSERT INTO `rhythm_bar_occurrences` (rhythm_bar_id, rhythm_feature_id, bar_probability) VALUES (2,14,1);
INSERT INTO `rhythm_bar_occurrences` (rhythm_bar_id, rhythm_feature_id, bar_probability) VALUES (3,14,0.2);
INSERT INTO `rhythm_bar_occurrences` (rhythm_bar_id, rhythm_feature_id, bar_probability) VALUES (4,14,0.1);
INSERT INTO `rhythm_bar_occurrences` (rhythm_bar_id, rhythm_feature_id, bar_probability) VALUES (5,14,0.1);
INSERT INTO `rhythm_bar_occurrences` (rhythm_bar_id, rhythm_feature_id, bar_probability) VALUES (6,14,0.1);
INSERT INTO `rhythm_bar_occurrences` (rhythm_bar_id, rhythm_feature_id, bar_probability) VALUES (7,14,0.1);
INSERT INTO `rhythm_bar_occurrences` (rhythm_bar_id, rhythm_feature_id, bar_probability) VALUES (8,14,0.1);
INSERT INTO `rhythm_bar_occurrences` (rhythm_bar_id, rhythm_feature_id, bar_probability) VALUES (9,14,0.1);
INSERT INTO `rhythm_bar_occurrences` (rhythm_bar_id, rhythm_feature_id, bar_probability) VALUES (13,14,0.1);
INSERT INTO `rhythm_bar_occurrences` (rhythm_bar_id, rhythm_feature_id, bar_probability) VALUES (19,14,0.1);
INSERT INTO `rhythm_bar_occurrences` (rhythm_bar_id, rhythm_feature_id, bar_probability) VALUES (20,14,0.1);
INSERT INTO `rhythm_bar_occurrences` (rhythm_bar_id, rhythm_feature_id, bar_probability) VALUES (34,14,1);
INSERT INTO `rhythm_bar_occurrences` (rhythm_bar_id, rhythm_feature_id, bar_probability) VALUES (59,14,0.1);
INSERT INTO `rhythm_bar_occurrences` (rhythm_bar_id, rhythm_feature_id, bar_probability) VALUES (68,14,1);
INSERT INTO `rhythm_bar_occurrences` (rhythm_bar_id, rhythm_feature_id, bar_probability) VALUES (193,14,0.1);
INSERT INTO `rhythm_bar_occurrences` (rhythm_bar_id, rhythm_feature_id, bar_probability) VALUES (194,14,0.1);
INSERT INTO `rhythm_bar_occurrences` (rhythm_bar_id, rhythm_feature_id, bar_probability) VALUES (195,14,0.1);
INSERT INTO `rhythm_bar_occurrences` (rhythm_bar_id, rhythm_feature_id, bar_probability) VALUES (196,14,0.1);
INSERT INTO `rhythm_bar_occurrences` (rhythm_bar_id, rhythm_feature_id, bar_probability) VALUES (48,14,1);
INSERT INTO `rhythm_bar_occurrences` (rhythm_bar_id, rhythm_feature_id, bar_probability) VALUES (69,14,1);

INSERT INTO `rhythm_bar_occurrences` (rhythm_bar_id, rhythm_feature_id, bar_probability) VALUES (2,15,1);
INSERT INTO `rhythm_bar_occurrences` (rhythm_bar_id, rhythm_feature_id, bar_probability) VALUES (3,15,0.2);
INSERT INTO `rhythm_bar_occurrences` (rhythm_bar_id, rhythm_feature_id, bar_probability) VALUES (4,15,1);
INSERT INTO `rhythm_bar_occurrences` (rhythm_bar_id, rhythm_feature_id, bar_probability) VALUES (5,15,0.5);
INSERT INTO `rhythm_bar_occurrences` (rhythm_bar_id, rhythm_feature_id, bar_probability) VALUES (6,15,0.1);
INSERT INTO `rhythm_bar_occurrences` (rhythm_bar_id, rhythm_feature_id, bar_probability) VALUES (7,15,0.1);
INSERT INTO `rhythm_bar_occurrences` (rhythm_bar_id, rhythm_feature_id, bar_probability) VALUES (8,15,0.1);
INSERT INTO `rhythm_bar_occurrences` (rhythm_bar_id, rhythm_feature_id, bar_probability) VALUES (9,15,0.1);
INSERT INTO `rhythm_bar_occurrences` (rhythm_bar_id, rhythm_feature_id, bar_probability) VALUES (13,15,0.1);
INSERT INTO `rhythm_bar_occurrences` (rhythm_bar_id, rhythm_feature_id, bar_probability) VALUES (19,15,0.1);
INSERT INTO `rhythm_bar_occurrences` (rhythm_bar_id, rhythm_feature_id, bar_probability) VALUES (20,15,0);
INSERT INTO `rhythm_bar_occurrences` (rhythm_bar_id, rhythm_feature_id, bar_probability) VALUES (34,15,0);
INSERT INTO `rhythm_bar_occurrences` (rhythm_bar_id, rhythm_feature_id, bar_probability) VALUES (59,15,0);
INSERT INTO `rhythm_bar_occurrences` (rhythm_bar_id, rhythm_feature_id, bar_probability) VALUES (68,15,0);
INSERT INTO `rhythm_bar_occurrences` (rhythm_bar_id, rhythm_feature_id, bar_probability) VALUES (193,15,0);
INSERT INTO `rhythm_bar_occurrences` (rhythm_bar_id, rhythm_feature_id, bar_probability) VALUES (194,15,0);
INSERT INTO `rhythm_bar_occurrences` (rhythm_bar_id, rhythm_feature_id, bar_probability) VALUES (195,15,0);
INSERT INTO `rhythm_bar_occurrences` (rhythm_bar_id, rhythm_feature_id, bar_probability) VALUES (196,15,0.1);
INSERT INTO `rhythm_bar_occurrences` (rhythm_bar_id, rhythm_feature_id, bar_probability) VALUES (48,15,0);
INSERT INTO `rhythm_bar_occurrences` (rhythm_bar_id, rhythm_feature_id, bar_probability) VALUES (69,15,0);
INSERT INTO `rhythm_bar_occurrences` (rhythm_bar_id, rhythm_feature_id, bar_probability) VALUES (110,15,1);

INSERT INTO `rhythm_bar_occurrences` (rhythm_bar_id, rhythm_feature_id, bar_probability) VALUES (2,16,1);
INSERT INTO `rhythm_bar_occurrences` (rhythm_bar_id, rhythm_feature_id, bar_probability) VALUES (3,16,0.2);
INSERT INTO `rhythm_bar_occurrences` (rhythm_bar_id, rhythm_feature_id, bar_probability) VALUES (4,16,1);
INSERT INTO `rhythm_bar_occurrences` (rhythm_bar_id, rhythm_feature_id, bar_probability) VALUES (5,16,0.5);
INSERT INTO `rhythm_bar_occurrences` (rhythm_bar_id, rhythm_feature_id, bar_probability) VALUES (6,16,0.1);
INSERT INTO `rhythm_bar_occurrences` (rhythm_bar_id, rhythm_feature_id, bar_probability) VALUES (7,16,0.1);
INSERT INTO `rhythm_bar_occurrences` (rhythm_bar_id, rhythm_feature_id, bar_probability) VALUES (8,16,0.1);
INSERT INTO `rhythm_bar_occurrences` (rhythm_bar_id, rhythm_feature_id, bar_probability) VALUES (9,16,0.1);
INSERT INTO `rhythm_bar_occurrences` (rhythm_bar_id, rhythm_feature_id, bar_probability) VALUES (13,16,0.1);
INSERT INTO `rhythm_bar_occurrences` (rhythm_bar_id, rhythm_feature_id, bar_probability) VALUES (19,16,0.1);
INSERT INTO `rhythm_bar_occurrences` (rhythm_bar_id, rhythm_feature_id, bar_probability) VALUES (20,16,0);
INSERT INTO `rhythm_bar_occurrences` (rhythm_bar_id, rhythm_feature_id, bar_probability) VALUES (34,16,0);
INSERT INTO `rhythm_bar_occurrences` (rhythm_bar_id, rhythm_feature_id, bar_probability) VALUES (59,16,0);
INSERT INTO `rhythm_bar_occurrences` (rhythm_bar_id, rhythm_feature_id, bar_probability) VALUES (68,16,0);
INSERT INTO `rhythm_bar_occurrences` (rhythm_bar_id, rhythm_feature_id, bar_probability) VALUES (193,16,0);
INSERT INTO `rhythm_bar_occurrences` (rhythm_bar_id, rhythm_feature_id, bar_probability) VALUES (194,16,0);
INSERT INTO `rhythm_bar_occurrences` (rhythm_bar_id, rhythm_feature_id, bar_probability) VALUES (195,16,0);
INSERT INTO `rhythm_bar_occurrences` (rhythm_bar_id, rhythm_feature_id, bar_probability) VALUES (196,16,0.1);
INSERT INTO `rhythm_bar_occurrences` (rhythm_bar_id, rhythm_feature_id, bar_probability) VALUES (48,16,0);
INSERT INTO `rhythm_bar_occurrences` (rhythm_bar_id, rhythm_feature_id, bar_probability) VALUES (69,16,0);
INSERT INTO `rhythm_bar_occurrences` (rhythm_bar_id, rhythm_feature_id, bar_probability) VALUES (110,16,0.8);
INSERT INTO `rhythm_bar_occurrences` (rhythm_bar_id, rhythm_feature_id, bar_probability) VALUES (64,16,1);
INSERT INTO `rhythm_bar_occurrences` (rhythm_bar_id, rhythm_feature_id, bar_probability) VALUES (81,16,1);
INSERT INTO `rhythm_bar_occurrences` (rhythm_bar_id, rhythm_feature_id, bar_probability) VALUES (197,16,1);
INSERT INTO `rhythm_bar_occurrences` (rhythm_bar_id, rhythm_feature_id, bar_probability) VALUES (198,16,1);

INSERT INTO `rhythm_bar_occurrences` (rhythm_bar_id, rhythm_feature_id, bar_probability) VALUES (2,17,1);
INSERT INTO `rhythm_bar_occurrences` (rhythm_bar_id, rhythm_feature_id, bar_probability) VALUES (3,17,0.2);
INSERT INTO `rhythm_bar_occurrences` (rhythm_bar_id, rhythm_feature_id, bar_probability) VALUES (4,17,1);
INSERT INTO `rhythm_bar_occurrences` (rhythm_bar_id, rhythm_feature_id, bar_probability) VALUES (5,17,0.5);
INSERT INTO `rhythm_bar_occurrences` (rhythm_bar_id, rhythm_feature_id, bar_probability) VALUES (6,17,0.1);
INSERT INTO `rhythm_bar_occurrences` (rhythm_bar_id, rhythm_feature_id, bar_probability) VALUES (7,17,0.1);
INSERT INTO `rhythm_bar_occurrences` (rhythm_bar_id, rhythm_feature_id, bar_probability) VALUES (8,17,0.1);
INSERT INTO `rhythm_bar_occurrences` (rhythm_bar_id, rhythm_feature_id, bar_probability) VALUES (9,17,0.1);
INSERT INTO `rhythm_bar_occurrences` (rhythm_bar_id, rhythm_feature_id, bar_probability) VALUES (13,17,0.1);
INSERT INTO `rhythm_bar_occurrences` (rhythm_bar_id, rhythm_feature_id, bar_probability) VALUES (19,17,0.1);
INSERT INTO `rhythm_bar_occurrences` (rhythm_bar_id, rhythm_feature_id, bar_probability) VALUES (20,17,0);
INSERT INTO `rhythm_bar_occurrences` (rhythm_bar_id, rhythm_feature_id, bar_probability) VALUES (34,17,0);
INSERT INTO `rhythm_bar_occurrences` (rhythm_bar_id, rhythm_feature_id, bar_probability) VALUES (59,17,0);
INSERT INTO `rhythm_bar_occurrences` (rhythm_bar_id, rhythm_feature_id, bar_probability) VALUES (68,17,0);
INSERT INTO `rhythm_bar_occurrences` (rhythm_bar_id, rhythm_feature_id, bar_probability) VALUES (193,17,0);
INSERT INTO `rhythm_bar_occurrences` (rhythm_bar_id, rhythm_feature_id, bar_probability) VALUES (194,17,0);
INSERT INTO `rhythm_bar_occurrences` (rhythm_bar_id, rhythm_feature_id, bar_probability) VALUES (195,17,0);
INSERT INTO `rhythm_bar_occurrences` (rhythm_bar_id, rhythm_feature_id, bar_probability) VALUES (196,17,0.1);
INSERT INTO `rhythm_bar_occurrences` (rhythm_bar_id, rhythm_feature_id, bar_probability) VALUES (48,17,0);
INSERT INTO `rhythm_bar_occurrences` (rhythm_bar_id, rhythm_feature_id, bar_probability) VALUES (69,17,0);
INSERT INTO `rhythm_bar_occurrences` (rhythm_bar_id, rhythm_feature_id, bar_probability) VALUES (110,17,0.1);
INSERT INTO `rhythm_bar_occurrences` (rhythm_bar_id, rhythm_feature_id, bar_probability) VALUES (64,17,0.5);
INSERT INTO `rhythm_bar_occurrences` (rhythm_bar_id, rhythm_feature_id, bar_probability) VALUES (81,17,0.5);
INSERT INTO `rhythm_bar_occurrences` (rhythm_bar_id, rhythm_feature_id, bar_probability) VALUES (197,17,0.5);
INSERT INTO `rhythm_bar_occurrences` (rhythm_bar_id, rhythm_feature_id, bar_probability) VALUES (198,17,0.5);
INSERT INTO `rhythm_bar_occurrences` (rhythm_bar_id, rhythm_feature_id, bar_probability) VALUES (46,17,1);

INSERT INTO `rhythm_bar_occurrences` (rhythm_bar_id, rhythm_feature_id, bar_probability) VALUES (2,18,1);
INSERT INTO `rhythm_bar_occurrences` (rhythm_bar_id, rhythm_feature_id, bar_probability) VALUES (3,18,0.2);
INSERT INTO `rhythm_bar_occurrences` (rhythm_bar_id, rhythm_feature_id, bar_probability) VALUES (4,18,1);
INSERT INTO `rhythm_bar_occurrences` (rhythm_bar_id, rhythm_feature_id, bar_probability) VALUES (5,18,0.5);
INSERT INTO `rhythm_bar_occurrences` (rhythm_bar_id, rhythm_feature_id, bar_probability) VALUES (6,18,0.1);
INSERT INTO `rhythm_bar_occurrences` (rhythm_bar_id, rhythm_feature_id, bar_probability) VALUES (7,18,0.1);
INSERT INTO `rhythm_bar_occurrences` (rhythm_bar_id, rhythm_feature_id, bar_probability) VALUES (8,18,0.1);
INSERT INTO `rhythm_bar_occurrences` (rhythm_bar_id, rhythm_feature_id, bar_probability) VALUES (9,18,0.1);
INSERT INTO `rhythm_bar_occurrences` (rhythm_bar_id, rhythm_feature_id, bar_probability) VALUES (13,18,0.1);
INSERT INTO `rhythm_bar_occurrences` (rhythm_bar_id, rhythm_feature_id, bar_probability) VALUES (19,18,0.1);
INSERT INTO `rhythm_bar_occurrences` (rhythm_bar_id, rhythm_feature_id, bar_probability) VALUES (20,18,0);
INSERT INTO `rhythm_bar_occurrences` (rhythm_bar_id, rhythm_feature_id, bar_probability) VALUES (34,18,0);
INSERT INTO `rhythm_bar_occurrences` (rhythm_bar_id, rhythm_feature_id, bar_probability) VALUES (59,18,0);
INSERT INTO `rhythm_bar_occurrences` (rhythm_bar_id, rhythm_feature_id, bar_probability) VALUES (68,18,0);
INSERT INTO `rhythm_bar_occurrences` (rhythm_bar_id, rhythm_feature_id, bar_probability) VALUES (193,18,0);
INSERT INTO `rhythm_bar_occurrences` (rhythm_bar_id, rhythm_feature_id, bar_probability) VALUES (194,18,0);
INSERT INTO `rhythm_bar_occurrences` (rhythm_bar_id, rhythm_feature_id, bar_probability) VALUES (195,18,0);
INSERT INTO `rhythm_bar_occurrences` (rhythm_bar_id, rhythm_feature_id, bar_probability) VALUES (196,18,0.1);
INSERT INTO `rhythm_bar_occurrences` (rhythm_bar_id, rhythm_feature_id, bar_probability) VALUES (48,18,0);
INSERT INTO `rhythm_bar_occurrences` (rhythm_bar_id, rhythm_feature_id, bar_probability) VALUES (69,18,0);
INSERT INTO `rhythm_bar_occurrences` (rhythm_bar_id, rhythm_feature_id, bar_probability) VALUES (110,18,0.1);
INSERT INTO `rhythm_bar_occurrences` (rhythm_bar_id, rhythm_feature_id, bar_probability) VALUES (64,18,0.5);
INSERT INTO `rhythm_bar_occurrences` (rhythm_bar_id, rhythm_feature_id, bar_probability) VALUES (81,18,0.5);
INSERT INTO `rhythm_bar_occurrences` (rhythm_bar_id, rhythm_feature_id, bar_probability) VALUES (197,18,0.5);
INSERT INTO `rhythm_bar_occurrences` (rhythm_bar_id, rhythm_feature_id, bar_probability) VALUES (198,18,0.5);
INSERT INTO `rhythm_bar_occurrences` (rhythm_bar_id, rhythm_feature_id, bar_probability) VALUES (46,18,0.8);
INSERT INTO `rhythm_bar_occurrences` (rhythm_bar_id, rhythm_feature_id, bar_probability) VALUES (199,18,1);

INSERT INTO `rhythm_bar_occurrences` (rhythm_bar_id, rhythm_feature_id, bar_probability) VALUES (2,19,1);
INSERT INTO `rhythm_bar_occurrences` (rhythm_bar_id, rhythm_feature_id, bar_probability) VALUES (3,19,0.2);
INSERT INTO `rhythm_bar_occurrences` (rhythm_bar_id, rhythm_feature_id, bar_probability) VALUES (4,19,1);
INSERT INTO `rhythm_bar_occurrences` (rhythm_bar_id, rhythm_feature_id, bar_probability) VALUES (5,19,0.5);
INSERT INTO `rhythm_bar_occurrences` (rhythm_bar_id, rhythm_feature_id, bar_probability) VALUES (6,19,0.1);
INSERT INTO `rhythm_bar_occurrences` (rhythm_bar_id, rhythm_feature_id, bar_probability) VALUES (7,19,0.1);
INSERT INTO `rhythm_bar_occurrences` (rhythm_bar_id, rhythm_feature_id, bar_probability) VALUES (8,19,0.1);
INSERT INTO `rhythm_bar_occurrences` (rhythm_bar_id, rhythm_feature_id, bar_probability) VALUES (9,19,0.1);
INSERT INTO `rhythm_bar_occurrences` (rhythm_bar_id, rhythm_feature_id, bar_probability) VALUES (13,19,0.1);
INSERT INTO `rhythm_bar_occurrences` (rhythm_bar_id, rhythm_feature_id, bar_probability) VALUES (19,19,0.1);
INSERT INTO `rhythm_bar_occurrences` (rhythm_bar_id, rhythm_feature_id, bar_probability) VALUES (20,19,0);
INSERT INTO `rhythm_bar_occurrences` (rhythm_bar_id, rhythm_feature_id, bar_probability) VALUES (34,19,0);
INSERT INTO `rhythm_bar_occurrences` (rhythm_bar_id, rhythm_feature_id, bar_probability) VALUES (59,19,0);
INSERT INTO `rhythm_bar_occurrences` (rhythm_bar_id, rhythm_feature_id, bar_probability) VALUES (68,19,0);
INSERT INTO `rhythm_bar_occurrences` (rhythm_bar_id, rhythm_feature_id, bar_probability) VALUES (193,19,0);
INSERT INTO `rhythm_bar_occurrences` (rhythm_bar_id, rhythm_feature_id, bar_probability) VALUES (194,19,0);
INSERT INTO `rhythm_bar_occurrences` (rhythm_bar_id, rhythm_feature_id, bar_probability) VALUES (195,19,0);
INSERT INTO `rhythm_bar_occurrences` (rhythm_bar_id, rhythm_feature_id, bar_probability) VALUES (196,19,0.1);
INSERT INTO `rhythm_bar_occurrences` (rhythm_bar_id, rhythm_feature_id, bar_probability) VALUES (48,19,0);
INSERT INTO `rhythm_bar_occurrences` (rhythm_bar_id, rhythm_feature_id, bar_probability) VALUES (69,19,0);
INSERT INTO `rhythm_bar_occurrences` (rhythm_bar_id, rhythm_feature_id, bar_probability) VALUES (110,19,0.1);
INSERT INTO `rhythm_bar_occurrences` (rhythm_bar_id, rhythm_feature_id, bar_probability) VALUES (64,19,0.2);
INSERT INTO `rhythm_bar_occurrences` (rhythm_bar_id, rhythm_feature_id, bar_probability) VALUES (81,19,0.2);
INSERT INTO `rhythm_bar_occurrences` (rhythm_bar_id, rhythm_feature_id, bar_probability) VALUES (197,19,0.2);
INSERT INTO `rhythm_bar_occurrences` (rhythm_bar_id, rhythm_feature_id, bar_probability) VALUES (198,19,0.2);
INSERT INTO `rhythm_bar_occurrences` (rhythm_bar_id, rhythm_feature_id, bar_probability) VALUES (46,19,0.2);
INSERT INTO `rhythm_bar_occurrences` (rhythm_bar_id, rhythm_feature_id, bar_probability) VALUES (199,19,0.2);
INSERT INTO `rhythm_bar_occurrences` (rhythm_bar_id, rhythm_feature_id, bar_probability) VALUES (70,19,1);

INSERT INTO `rhythm_bar_occurrences` (rhythm_bar_id, rhythm_feature_id, bar_probability) VALUES (2,20,1);
INSERT INTO `rhythm_bar_occurrences` (rhythm_bar_id, rhythm_feature_id, bar_probability) VALUES (3,20,0.2);
INSERT INTO `rhythm_bar_occurrences` (rhythm_bar_id, rhythm_feature_id, bar_probability) VALUES (4,20,1);
INSERT INTO `rhythm_bar_occurrences` (rhythm_bar_id, rhythm_feature_id, bar_probability) VALUES (5,20,0.5);
INSERT INTO `rhythm_bar_occurrences` (rhythm_bar_id, rhythm_feature_id, bar_probability) VALUES (6,20,0.1);
INSERT INTO `rhythm_bar_occurrences` (rhythm_bar_id, rhythm_feature_id, bar_probability) VALUES (7,20,0.1);
INSERT INTO `rhythm_bar_occurrences` (rhythm_bar_id, rhythm_feature_id, bar_probability) VALUES (8,20,0.1);
INSERT INTO `rhythm_bar_occurrences` (rhythm_bar_id, rhythm_feature_id, bar_probability) VALUES (9,20,0.1);
INSERT INTO `rhythm_bar_occurrences` (rhythm_bar_id, rhythm_feature_id, bar_probability) VALUES (13,20,0.1);
INSERT INTO `rhythm_bar_occurrences` (rhythm_bar_id, rhythm_feature_id, bar_probability) VALUES (19,20,0.1);
INSERT INTO `rhythm_bar_occurrences` (rhythm_bar_id, rhythm_feature_id, bar_probability) VALUES (20,20,0);
INSERT INTO `rhythm_bar_occurrences` (rhythm_bar_id, rhythm_feature_id, bar_probability) VALUES (34,20,0);
INSERT INTO `rhythm_bar_occurrences` (rhythm_bar_id, rhythm_feature_id, bar_probability) VALUES (59,20,0);
INSERT INTO `rhythm_bar_occurrences` (rhythm_bar_id, rhythm_feature_id, bar_probability) VALUES (68,20,0);
INSERT INTO `rhythm_bar_occurrences` (rhythm_bar_id, rhythm_feature_id, bar_probability) VALUES (193,20,0);
INSERT INTO `rhythm_bar_occurrences` (rhythm_bar_id, rhythm_feature_id, bar_probability) VALUES (194,20,0);
INSERT INTO `rhythm_bar_occurrences` (rhythm_bar_id, rhythm_feature_id, bar_probability) VALUES (195,20,0);
INSERT INTO `rhythm_bar_occurrences` (rhythm_bar_id, rhythm_feature_id, bar_probability) VALUES (196,20,0.1);
INSERT INTO `rhythm_bar_occurrences` (rhythm_bar_id, rhythm_feature_id, bar_probability) VALUES (48,20,0);
INSERT INTO `rhythm_bar_occurrences` (rhythm_bar_id, rhythm_feature_id, bar_probability) VALUES (69,20,0);
INSERT INTO `rhythm_bar_occurrences` (rhythm_bar_id, rhythm_feature_id, bar_probability) VALUES (110,20,0.1);
INSERT INTO `rhythm_bar_occurrences` (rhythm_bar_id, rhythm_feature_id, bar_probability) VALUES (64,20,0.2);
INSERT INTO `rhythm_bar_occurrences` (rhythm_bar_id, rhythm_feature_id, bar_probability) VALUES (81,20,0.2);
INSERT INTO `rhythm_bar_occurrences` (rhythm_bar_id, rhythm_feature_id, bar_probability) VALUES (197,20,0.2);
INSERT INTO `rhythm_bar_occurrences` (rhythm_bar_id, rhythm_feature_id, bar_probability) VALUES (198,20,0.2);
INSERT INTO `rhythm_bar_occurrences` (rhythm_bar_id, rhythm_feature_id, bar_probability) VALUES (46,20,0.2);
INSERT INTO `rhythm_bar_occurrences` (rhythm_bar_id, rhythm_feature_id, bar_probability) VALUES (199,20,0.2);
INSERT INTO `rhythm_bar_occurrences` (rhythm_bar_id, rhythm_feature_id, bar_probability) VALUES (70,20,0.4);
INSERT INTO `rhythm_bar_occurrences` (rhythm_bar_id, rhythm_feature_id, bar_probability) VALUES (66,20,1);
INSERT INTO `rhythm_bar_occurrences` (rhythm_bar_id, rhythm_feature_id, bar_probability) VALUES (162,20,1);

INSERT INTO `rhythm_bar_occurrences` (rhythm_bar_id, rhythm_feature_id, bar_probability) VALUES (2,21,1);
INSERT INTO `rhythm_bar_occurrences` (rhythm_bar_id, rhythm_feature_id, bar_probability) VALUES (3,21,0.2);
INSERT INTO `rhythm_bar_occurrences` (rhythm_bar_id, rhythm_feature_id, bar_probability) VALUES (4,21,1);
INSERT INTO `rhythm_bar_occurrences` (rhythm_bar_id, rhythm_feature_id, bar_probability) VALUES (5,21,0.5);
INSERT INTO `rhythm_bar_occurrences` (rhythm_bar_id, rhythm_feature_id, bar_probability) VALUES (6,21,0.1);
INSERT INTO `rhythm_bar_occurrences` (rhythm_bar_id, rhythm_feature_id, bar_probability) VALUES (7,21,0.1);
INSERT INTO `rhythm_bar_occurrences` (rhythm_bar_id, rhythm_feature_id, bar_probability) VALUES (8,21,0.1);
INSERT INTO `rhythm_bar_occurrences` (rhythm_bar_id, rhythm_feature_id, bar_probability) VALUES (9,21,0.1);
INSERT INTO `rhythm_bar_occurrences` (rhythm_bar_id, rhythm_feature_id, bar_probability) VALUES (13,21,0.1);
INSERT INTO `rhythm_bar_occurrences` (rhythm_bar_id, rhythm_feature_id, bar_probability) VALUES (19,21,0.1);
INSERT INTO `rhythm_bar_occurrences` (rhythm_bar_id, rhythm_feature_id, bar_probability) VALUES (20,21,0);
INSERT INTO `rhythm_bar_occurrences` (rhythm_bar_id, rhythm_feature_id, bar_probability) VALUES (34,21,0);
INSERT INTO `rhythm_bar_occurrences` (rhythm_bar_id, rhythm_feature_id, bar_probability) VALUES (59,21,0);
INSERT INTO `rhythm_bar_occurrences` (rhythm_bar_id, rhythm_feature_id, bar_probability) VALUES (68,21,0);
INSERT INTO `rhythm_bar_occurrences` (rhythm_bar_id, rhythm_feature_id, bar_probability) VALUES (193,21,0);
INSERT INTO `rhythm_bar_occurrences` (rhythm_bar_id, rhythm_feature_id, bar_probability) VALUES (194,21,0);
INSERT INTO `rhythm_bar_occurrences` (rhythm_bar_id, rhythm_feature_id, bar_probability) VALUES (195,21,0);
INSERT INTO `rhythm_bar_occurrences` (rhythm_bar_id, rhythm_feature_id, bar_probability) VALUES (196,21,0.1);
INSERT INTO `rhythm_bar_occurrences` (rhythm_bar_id, rhythm_feature_id, bar_probability) VALUES (48,21,0);
INSERT INTO `rhythm_bar_occurrences` (rhythm_bar_id, rhythm_feature_id, bar_probability) VALUES (69,21,0);
INSERT INTO `rhythm_bar_occurrences` (rhythm_bar_id, rhythm_feature_id, bar_probability) VALUES (110,21,0.1);
INSERT INTO `rhythm_bar_occurrences` (rhythm_bar_id, rhythm_feature_id, bar_probability) VALUES (64,21,0.2);
INSERT INTO `rhythm_bar_occurrences` (rhythm_bar_id, rhythm_feature_id, bar_probability) VALUES (81,21,0.2);
INSERT INTO `rhythm_bar_occurrences` (rhythm_bar_id, rhythm_feature_id, bar_probability) VALUES (197,21,0.2);
INSERT INTO `rhythm_bar_occurrences` (rhythm_bar_id, rhythm_feature_id, bar_probability) VALUES (198,21,0.2);
INSERT INTO `rhythm_bar_occurrences` (rhythm_bar_id, rhythm_feature_id, bar_probability) VALUES (46,21,0.2);
INSERT INTO `rhythm_bar_occurrences` (rhythm_bar_id, rhythm_feature_id, bar_probability) VALUES (199,21,0.2);
INSERT INTO `rhythm_bar_occurrences` (rhythm_bar_id, rhythm_feature_id, bar_probability) VALUES (70,21,0.1);
INSERT INTO `rhythm_bar_occurrences` (rhythm_bar_id, rhythm_feature_id, bar_probability) VALUES (66,21,0.1);
INSERT INTO `rhythm_bar_occurrences` (rhythm_bar_id, rhythm_feature_id, bar_probability) VALUES (162,21,0.1);

INSERT INTO `rhythm_bar_occurrences` (rhythm_bar_id, rhythm_feature_id, bar_probability) VALUES (2,22,1);
INSERT INTO `rhythm_bar_occurrences` (rhythm_bar_id, rhythm_feature_id, bar_probability) VALUES (3,22,0.2);
INSERT INTO `rhythm_bar_occurrences` (rhythm_bar_id, rhythm_feature_id, bar_probability) VALUES (4,22,1);
INSERT INTO `rhythm_bar_occurrences` (rhythm_bar_id, rhythm_feature_id, bar_probability) VALUES (5,22,0.5);
INSERT INTO `rhythm_bar_occurrences` (rhythm_bar_id, rhythm_feature_id, bar_probability) VALUES (6,22,0.1);
INSERT INTO `rhythm_bar_occurrences` (rhythm_bar_id, rhythm_feature_id, bar_probability) VALUES (7,22,0.1);
INSERT INTO `rhythm_bar_occurrences` (rhythm_bar_id, rhythm_feature_id, bar_probability) VALUES (8,22,0.1);
INSERT INTO `rhythm_bar_occurrences` (rhythm_bar_id, rhythm_feature_id, bar_probability) VALUES (9,22,0.1);
INSERT INTO `rhythm_bar_occurrences` (rhythm_bar_id, rhythm_feature_id, bar_probability) VALUES (13,22,0.1);
INSERT INTO `rhythm_bar_occurrences` (rhythm_bar_id, rhythm_feature_id, bar_probability) VALUES (19,22,0.1);
INSERT INTO `rhythm_bar_occurrences` (rhythm_bar_id, rhythm_feature_id, bar_probability) VALUES (20,22,0);
INSERT INTO `rhythm_bar_occurrences` (rhythm_bar_id, rhythm_feature_id, bar_probability) VALUES (34,22,0);
INSERT INTO `rhythm_bar_occurrences` (rhythm_bar_id, rhythm_feature_id, bar_probability) VALUES (59,22,0);
INSERT INTO `rhythm_bar_occurrences` (rhythm_bar_id, rhythm_feature_id, bar_probability) VALUES (68,22,0);
INSERT INTO `rhythm_bar_occurrences` (rhythm_bar_id, rhythm_feature_id, bar_probability) VALUES (193,22,0);
INSERT INTO `rhythm_bar_occurrences` (rhythm_bar_id, rhythm_feature_id, bar_probability) VALUES (194,22,0);
INSERT INTO `rhythm_bar_occurrences` (rhythm_bar_id, rhythm_feature_id, bar_probability) VALUES (195,22,0);
INSERT INTO `rhythm_bar_occurrences` (rhythm_bar_id, rhythm_feature_id, bar_probability) VALUES (196,22,0.1);
INSERT INTO `rhythm_bar_occurrences` (rhythm_bar_id, rhythm_feature_id, bar_probability) VALUES (48,22,0);
INSERT INTO `rhythm_bar_occurrences` (rhythm_bar_id, rhythm_feature_id, bar_probability) VALUES (69,22,0);
INSERT INTO `rhythm_bar_occurrences` (rhythm_bar_id, rhythm_feature_id, bar_probability) VALUES (110,22,0.1);
INSERT INTO `rhythm_bar_occurrences` (rhythm_bar_id, rhythm_feature_id, bar_probability) VALUES (64,22,0.2);
INSERT INTO `rhythm_bar_occurrences` (rhythm_bar_id, rhythm_feature_id, bar_probability) VALUES (81,22,0.2);
INSERT INTO `rhythm_bar_occurrences` (rhythm_bar_id, rhythm_feature_id, bar_probability) VALUES (197,22,0.2);
INSERT INTO `rhythm_bar_occurrences` (rhythm_bar_id, rhythm_feature_id, bar_probability) VALUES (198,22,0.2);
INSERT INTO `rhythm_bar_occurrences` (rhythm_bar_id, rhythm_feature_id, bar_probability) VALUES (46,22,0.2);
INSERT INTO `rhythm_bar_occurrences` (rhythm_bar_id, rhythm_feature_id, bar_probability) VALUES (199,22,0.2);
INSERT INTO `rhythm_bar_occurrences` (rhythm_bar_id, rhythm_feature_id, bar_probability) VALUES (70,22,0.1);
INSERT INTO `rhythm_bar_occurrences` (rhythm_bar_id, rhythm_feature_id, bar_probability) VALUES (66,22,0.1);
INSERT INTO `rhythm_bar_occurrences` (rhythm_bar_id, rhythm_feature_id, bar_probability) VALUES (162,22,0.1);
INSERT INTO `rhythm_bar_occurrences` (rhythm_bar_id, rhythm_feature_id, bar_probability) VALUES (200,22,1);
INSERT INTO `rhythm_bar_occurrences` (rhythm_bar_id, rhythm_feature_id, bar_probability) VALUES (201,22,1);

/*
INSERT INTO `rhythm_bar_occurrences` (rhythm_bar_id, rhythm_feature_id, bar_probability) VALUES (2,21,0.8);
INSERT INTO `rhythm_bar_occurrences` (rhythm_bar_id, rhythm_feature_id, bar_probability) VALUES (2,22,0.5);
INSERT INTO `rhythm_bar_occurrences` (rhythm_bar_id, rhythm_feature_id, bar_probability) VALUES (2,23,0.2);
INSERT INTO `rhythm_bar_occurrences` (rhythm_bar_id, rhythm_feature_id, bar_probability) VALUES (2,25,0.4);
INSERT INTO `rhythm_bar_occurrences` (rhythm_bar_id, rhythm_feature_id, bar_probability) VALUES (2,31,0.20704845814978);
INSERT INTO `rhythm_bar_occurrences` (rhythm_bar_id, rhythm_feature_id, bar_probability) VALUES (2,33,0.137931034482759);
INSERT INTO `rhythm_bar_occurrences` (rhythm_bar_id, rhythm_feature_id, bar_probability) VALUES (2,35,0.135135135135135);
INSERT INTO `rhythm_bar_occurrences` (rhythm_bar_id, rhythm_feature_id, bar_probability) VALUES (2,40,0.17307692307692307);
INSERT INTO `rhythm_bar_occurrences` (rhythm_bar_id, rhythm_feature_id, bar_probability) VALUES (2,43,0.15384615384615385);
INSERT INTO `rhythm_bar_occurrences` (rhythm_bar_id, rhythm_feature_id, bar_probability) VALUES (2,45,0.15384615384615385);
INSERT INTO `rhythm_bar_occurrences` (rhythm_bar_id, rhythm_feature_id, bar_probability) VALUES (2,46,0.18181818181818182);
INSERT INTO `rhythm_bar_occurrences` (rhythm_bar_id, rhythm_feature_id, bar_probability) VALUES (3,21,0.3);
INSERT INTO `rhythm_bar_occurrences` (rhythm_bar_id, rhythm_feature_id, bar_probability) VALUES (3,22,0.1);
INSERT INTO `rhythm_bar_occurrences` (rhythm_bar_id, rhythm_feature_id, bar_probability) VALUES (3,23,0.1);
INSERT INTO `rhythm_bar_occurrences` (rhythm_bar_id, rhythm_feature_id, bar_probability) VALUES (3,24,0.6);
INSERT INTO `rhythm_bar_occurrences` (rhythm_bar_id, rhythm_feature_id, bar_probability) VALUES (3,31,0.118942731277533);
INSERT INTO `rhythm_bar_occurrences` (rhythm_bar_id, rhythm_feature_id, bar_probability) VALUES (3,33,0.0689655172413793);
INSERT INTO `rhythm_bar_occurrences` (rhythm_bar_id, rhythm_feature_id, bar_probability) VALUES (3,35,0.0743243243243243);
INSERT INTO `rhythm_bar_occurrences` (rhythm_bar_id, rhythm_feature_id, bar_probability) VALUES (3,40,0.07692307692307693);
INSERT INTO `rhythm_bar_occurrences` (rhythm_bar_id, rhythm_feature_id, bar_probability) VALUES (3,43,0.07692307692307693);
INSERT INTO `rhythm_bar_occurrences` (rhythm_bar_id, rhythm_feature_id, bar_probability) VALUES (3,45,0.17582417582417584);
INSERT INTO `rhythm_bar_occurrences` (rhythm_bar_id, rhythm_feature_id, bar_probability) VALUES (3,46,0.2727272727272727);
INSERT INTO `rhythm_bar_occurrences` (rhythm_bar_id, rhythm_feature_id, bar_probability) VALUES (4,21,0.4);
INSERT INTO `rhythm_bar_occurrences` (rhythm_bar_id, rhythm_feature_id, bar_probability) VALUES (4,22,0.3);
INSERT INTO `rhythm_bar_occurrences` (rhythm_bar_id, rhythm_feature_id, bar_probability) VALUES (4,23,0.05);
INSERT INTO `rhythm_bar_occurrences` (rhythm_bar_id, rhythm_feature_id, bar_probability) VALUES (4,31,0.0352422907488987);
INSERT INTO `rhythm_bar_occurrences` (rhythm_bar_id, rhythm_feature_id, bar_probability) VALUES (4,33,0.0229885057471264);
INSERT INTO `rhythm_bar_occurrences` (rhythm_bar_id, rhythm_feature_id, bar_probability) VALUES (4,35,0.0135135135135135);
INSERT INTO `rhythm_bar_occurrences` (rhythm_bar_id, rhythm_feature_id, bar_probability) VALUES (5,21,0.6);
INSERT INTO `rhythm_bar_occurrences` (rhythm_bar_id, rhythm_feature_id, bar_probability) VALUES (5,22,0.2);
INSERT INTO `rhythm_bar_occurrences` (rhythm_bar_id, rhythm_feature_id, bar_probability) VALUES (5,26,0.5);
INSERT INTO `rhythm_bar_occurrences` (rhythm_bar_id, rhythm_feature_id, bar_probability) VALUES (5,27,0.2);
INSERT INTO `rhythm_bar_occurrences` (rhythm_bar_id, rhythm_feature_id, bar_probability) VALUES (6,21,0.1);
INSERT INTO `rhythm_bar_occurrences` (rhythm_bar_id, rhythm_feature_id, bar_probability) VALUES (6,22,0.05);
INSERT INTO `rhythm_bar_occurrences` (rhythm_bar_id, rhythm_feature_id, bar_probability) VALUES (6,23,0.05);
INSERT INTO `rhythm_bar_occurrences` (rhythm_bar_id, rhythm_feature_id, bar_probability) VALUES (6,24,0.1);
INSERT INTO `rhythm_bar_occurrences` (rhythm_bar_id, rhythm_feature_id, bar_probability) VALUES (6,31,0.0176211453744493);
INSERT INTO `rhythm_bar_occurrences` (rhythm_bar_id, rhythm_feature_id, bar_probability) VALUES (6,33,0.0689655172413793);
INSERT INTO `rhythm_bar_occurrences` (rhythm_bar_id, rhythm_feature_id, bar_probability) VALUES (6,35,0.0202702702702703);
INSERT INTO `rhythm_bar_occurrences` (rhythm_bar_id, rhythm_feature_id, bar_probability) VALUES (6,40,0.057692307692307696);
INSERT INTO `rhythm_bar_occurrences` (rhythm_bar_id, rhythm_feature_id, bar_probability) VALUES (6,43,0.02564102564102564);
INSERT INTO `rhythm_bar_occurrences` (rhythm_bar_id, rhythm_feature_id, bar_probability) VALUES (6,45,0.02197802197802198);
INSERT INTO `rhythm_bar_occurrences` (rhythm_bar_id, rhythm_feature_id, bar_probability) VALUES (7,22,0.6);
INSERT INTO `rhythm_bar_occurrences` (rhythm_bar_id, rhythm_feature_id, bar_probability) VALUES (7,23,0.5);
INSERT INTO `rhythm_bar_occurrences` (rhythm_bar_id, rhythm_feature_id, bar_probability) VALUES (7,25,0.5);
INSERT INTO `rhythm_bar_occurrences` (rhythm_bar_id, rhythm_feature_id, bar_probability) VALUES (7,31,0.176211453744493);
INSERT INTO `rhythm_bar_occurrences` (rhythm_bar_id, rhythm_feature_id, bar_probability) VALUES (7,33,0.0919540229885057);
INSERT INTO `rhythm_bar_occurrences` (rhythm_bar_id, rhythm_feature_id, bar_probability) VALUES (7,35,0.121621621621622);
INSERT INTO `rhythm_bar_occurrences` (rhythm_bar_id, rhythm_feature_id, bar_probability) VALUES (7,40,0.1346153846153846);
INSERT INTO `rhythm_bar_occurrences` (rhythm_bar_id, rhythm_feature_id, bar_probability) VALUES (7,43,0.10256410256410256);
INSERT INTO `rhythm_bar_occurrences` (rhythm_bar_id, rhythm_feature_id, bar_probability) VALUES (7,45,0.10989010989010989);
INSERT INTO `rhythm_bar_occurrences` (rhythm_bar_id, rhythm_feature_id, bar_probability) VALUES (7,46,0.09090909090909091);
INSERT INTO `rhythm_bar_occurrences` (rhythm_bar_id, rhythm_feature_id, bar_probability) VALUES (8,22,0.15);
INSERT INTO `rhythm_bar_occurrences` (rhythm_bar_id, rhythm_feature_id, bar_probability) VALUES (8,23,0.3);
INSERT INTO `rhythm_bar_occurrences` (rhythm_bar_id, rhythm_feature_id, bar_probability) VALUES (8,24,0.2);
INSERT INTO `rhythm_bar_occurrences` (rhythm_bar_id, rhythm_feature_id, bar_probability) VALUES (9,22,0.15);
INSERT INTO `rhythm_bar_occurrences` (rhythm_bar_id, rhythm_feature_id, bar_probability) VALUES (9,23,0.2);
INSERT INTO `rhythm_bar_occurrences` (rhythm_bar_id, rhythm_feature_id, bar_probability) VALUES (9,24,0.2);
INSERT INTO `rhythm_bar_occurrences` (rhythm_bar_id, rhythm_feature_id, bar_probability) VALUES (9,31,0.0484581497797357);
INSERT INTO `rhythm_bar_occurrences` (rhythm_bar_id, rhythm_feature_id, bar_probability) VALUES (9,33,0.0344827586206897);
INSERT INTO `rhythm_bar_occurrences` (rhythm_bar_id, rhythm_feature_id, bar_probability) VALUES (9,35,0.0202702702702703);
INSERT INTO `rhythm_bar_occurrences` (rhythm_bar_id, rhythm_feature_id, bar_probability) VALUES (9,43,0.07692307692307693);
INSERT INTO `rhythm_bar_occurrences` (rhythm_bar_id, rhythm_feature_id, bar_probability) VALUES (9,45,0.02197802197802198);
INSERT INTO `rhythm_bar_occurrences` (rhythm_bar_id, rhythm_feature_id, bar_probability) VALUES (10,23,0.14);
INSERT INTO `rhythm_bar_occurrences` (rhythm_bar_id, rhythm_feature_id, bar_probability) VALUES (10,31,0.00440528634361234);
INSERT INTO `rhythm_bar_occurrences` (rhythm_bar_id, rhythm_feature_id, bar_probability) VALUES (10,46,0.09090909090909091);
INSERT INTO `rhythm_bar_occurrences` (rhythm_bar_id, rhythm_feature_id, bar_probability) VALUES (11,22,0.3);
INSERT INTO `rhythm_bar_occurrences` (rhythm_bar_id, rhythm_feature_id, bar_probability) VALUES (13,23,0.5);
INSERT INTO `rhythm_bar_occurrences` (rhythm_bar_id, rhythm_feature_id, bar_probability) VALUES (13,31,0.105726872246696);
INSERT INTO `rhythm_bar_occurrences` (rhythm_bar_id, rhythm_feature_id, bar_probability) VALUES (13,33,0.241379310344828);
INSERT INTO `rhythm_bar_occurrences` (rhythm_bar_id, rhythm_feature_id, bar_probability) VALUES (13,35,0.114864864864865);
INSERT INTO `rhythm_bar_occurrences` (rhythm_bar_id, rhythm_feature_id, bar_probability) VALUES (13,40,0.057692307692307696);
INSERT INTO `rhythm_bar_occurrences` (rhythm_bar_id, rhythm_feature_id, bar_probability) VALUES (13,43,0.1282051282051282);
INSERT INTO `rhythm_bar_occurrences` (rhythm_bar_id, rhythm_feature_id, bar_probability) VALUES (13,45,0.04395604395604396);
INSERT INTO `rhythm_bar_occurrences` (rhythm_bar_id, rhythm_feature_id, bar_probability) VALUES (14,25,0.5);
INSERT INTO `rhythm_bar_occurrences` (rhythm_bar_id, rhythm_feature_id, bar_probability) VALUES (14,31,0.0176211453744493);
INSERT INTO `rhythm_bar_occurrences` (rhythm_bar_id, rhythm_feature_id, bar_probability) VALUES (14,33,0.0114942528735632);
INSERT INTO `rhythm_bar_occurrences` (rhythm_bar_id, rhythm_feature_id, bar_probability) VALUES (14,40,0.019230769230769232);
INSERT INTO `rhythm_bar_occurrences` (rhythm_bar_id, rhythm_feature_id, bar_probability) VALUES (14,45,0.02197802197802198);
INSERT INTO `rhythm_bar_occurrences` (rhythm_bar_id, rhythm_feature_id, bar_probability) VALUES (19,26,0.6);
INSERT INTO `rhythm_bar_occurrences` (rhythm_bar_id, rhythm_feature_id, bar_probability) VALUES (19,27,0.3);
INSERT INTO `rhythm_bar_occurrences` (rhythm_bar_id, rhythm_feature_id, bar_probability) VALUES (19,30,0.3);
INSERT INTO `rhythm_bar_occurrences` (rhythm_bar_id, rhythm_feature_id, bar_probability) VALUES (19,32,0.148936170212766);
INSERT INTO `rhythm_bar_occurrences` (rhythm_bar_id, rhythm_feature_id, bar_probability) VALUES (19,34,0.05);
INSERT INTO `rhythm_bar_occurrences` (rhythm_bar_id, rhythm_feature_id, bar_probability) VALUES (19,36,0.0789473684210526);
INSERT INTO `rhythm_bar_occurrences` (rhythm_bar_id, rhythm_feature_id, bar_probability) VALUES (19,41,0.08);
INSERT INTO `rhythm_bar_occurrences` (rhythm_bar_id, rhythm_feature_id, bar_probability) VALUES (19,42,0.047619047619047616);
INSERT INTO `rhythm_bar_occurrences` (rhythm_bar_id, rhythm_feature_id, bar_probability) VALUES (19,44,0.16666666666666666);
INSERT INTO `rhythm_bar_occurrences` (rhythm_bar_id, rhythm_feature_id, bar_probability) VALUES (19,47,0.028985507246376812);
INSERT INTO `rhythm_bar_occurrences` (rhythm_bar_id, rhythm_feature_id, bar_probability) VALUES (20,26,0.3);
INSERT INTO `rhythm_bar_occurrences` (rhythm_bar_id, rhythm_feature_id, bar_probability) VALUES (20,27,0.3);
INSERT INTO `rhythm_bar_occurrences` (rhythm_bar_id, rhythm_feature_id, bar_probability) VALUES (20,29,0.5);
INSERT INTO `rhythm_bar_occurrences` (rhythm_bar_id, rhythm_feature_id, bar_probability) VALUES (20,32,0.0851063829787234);
INSERT INTO `rhythm_bar_occurrences` (rhythm_bar_id, rhythm_feature_id, bar_probability) VALUES (20,34,0.075);
INSERT INTO `rhythm_bar_occurrences` (rhythm_bar_id, rhythm_feature_id, bar_probability) VALUES (20,36,0.0526315789473684);
INSERT INTO `rhythm_bar_occurrences` (rhythm_bar_id, rhythm_feature_id, bar_probability) VALUES (20,41,0.12);
INSERT INTO `rhythm_bar_occurrences` (rhythm_bar_id, rhythm_feature_id, bar_probability) VALUES (20,42,0.11904761904761904);
INSERT INTO `rhythm_bar_occurrences` (rhythm_bar_id, rhythm_feature_id, bar_probability) VALUES (20,44,0.16666666666666666);
INSERT INTO `rhythm_bar_occurrences` (rhythm_bar_id, rhythm_feature_id, bar_probability) VALUES (20,47,0.10144927536231885);
INSERT INTO `rhythm_bar_occurrences` (rhythm_bar_id, rhythm_feature_id, bar_probability) VALUES (23,35,0.00675675675675676);
INSERT INTO `rhythm_bar_occurrences` (rhythm_bar_id, rhythm_feature_id, bar_probability) VALUES (24,22,0.1);
INSERT INTO `rhythm_bar_occurrences` (rhythm_bar_id, rhythm_feature_id, bar_probability) VALUES (24,26,0.3);
INSERT INTO `rhythm_bar_occurrences` (rhythm_bar_id, rhythm_feature_id, bar_probability) VALUES (24,27,0.25);
INSERT INTO `rhythm_bar_occurrences` (rhythm_bar_id, rhythm_feature_id, bar_probability) VALUES (24,29,0.2);
INSERT INTO `rhythm_bar_occurrences` (rhythm_bar_id, rhythm_feature_id, bar_probability) VALUES (24,43,0.02564102564102564);
INSERT INTO `rhythm_bar_occurrences` (rhythm_bar_id, rhythm_feature_id, bar_probability) VALUES (25,23,0.4);
INSERT INTO `rhythm_bar_occurrences` (rhythm_bar_id, rhythm_feature_id, bar_probability) VALUES (25,31,0.0352422907488987);
INSERT INTO `rhythm_bar_occurrences` (rhythm_bar_id, rhythm_feature_id, bar_probability) VALUES (25,35,0.00675675675675676);
INSERT INTO `rhythm_bar_occurrences` (rhythm_bar_id, rhythm_feature_id, bar_probability) VALUES (25,45,0.01098901098901099);
INSERT INTO `rhythm_bar_occurrences` (rhythm_bar_id, rhythm_feature_id, bar_probability) VALUES (26,23,0.4);
INSERT INTO `rhythm_bar_occurrences` (rhythm_bar_id, rhythm_feature_id, bar_probability) VALUES (27,23,0.25);
INSERT INTO `rhythm_bar_occurrences` (rhythm_bar_id, rhythm_feature_id, bar_probability) VALUES (27,31,0.00440528634361234);
INSERT INTO `rhythm_bar_occurrences` (rhythm_bar_id, rhythm_feature_id, bar_probability) VALUES (27,45,0.01098901098901099);
INSERT INTO `rhythm_bar_occurrences` (rhythm_bar_id, rhythm_feature_id, bar_probability) VALUES (29,31,0.00881057268722467);
INSERT INTO `rhythm_bar_occurrences` (rhythm_bar_id, rhythm_feature_id, bar_probability) VALUES (34,27,0.4);
INSERT INTO `rhythm_bar_occurrences` (rhythm_bar_id, rhythm_feature_id, bar_probability) VALUES (34,32,0.106382978723404);
INSERT INTO `rhythm_bar_occurrences` (rhythm_bar_id, rhythm_feature_id, bar_probability) VALUES (34,34,0.05);
INSERT INTO `rhythm_bar_occurrences` (rhythm_bar_id, rhythm_feature_id, bar_probability) VALUES (34,36,0.0263157894736842);
INSERT INTO `rhythm_bar_occurrences` (rhythm_bar_id, rhythm_feature_id, bar_probability) VALUES (34,42,0.07142857142857142);
INSERT INTO `rhythm_bar_occurrences` (rhythm_bar_id, rhythm_feature_id, bar_probability) VALUES (34,47,0.014492753623188406);
INSERT INTO `rhythm_bar_occurrences` (rhythm_bar_id, rhythm_feature_id, bar_probability) VALUES (35,27,0.5);
INSERT INTO `rhythm_bar_occurrences` (rhythm_bar_id, rhythm_feature_id, bar_probability) VALUES (35,30,0.4);
INSERT INTO `rhythm_bar_occurrences` (rhythm_bar_id, rhythm_feature_id, bar_probability) VALUES (35,32,0.0851063829787234);
INSERT INTO `rhythm_bar_occurrences` (rhythm_bar_id, rhythm_feature_id, bar_probability) VALUES (35,34,0.05);
INSERT INTO `rhythm_bar_occurrences` (rhythm_bar_id, rhythm_feature_id, bar_probability) VALUES (35,36,0.0131578947368421);
INSERT INTO `rhythm_bar_occurrences` (rhythm_bar_id, rhythm_feature_id, bar_probability) VALUES (35,42,0.047619047619047616);
INSERT INTO `rhythm_bar_occurrences` (rhythm_bar_id, rhythm_feature_id, bar_probability) VALUES (35,47,0.028985507246376812);
INSERT INTO `rhythm_bar_occurrences` (rhythm_bar_id, rhythm_feature_id, bar_probability) VALUES (36,27,0.5);
INSERT INTO `rhythm_bar_occurrences` (rhythm_bar_id, rhythm_feature_id, bar_probability) VALUES (36,34,0.05);
INSERT INTO `rhythm_bar_occurrences` (rhythm_bar_id, rhythm_feature_id, bar_probability) VALUES (37,27,0.4);
INSERT INTO `rhythm_bar_occurrences` (rhythm_bar_id, rhythm_feature_id, bar_probability) VALUES (37,29,0.3);
INSERT INTO `rhythm_bar_occurrences` (rhythm_bar_id, rhythm_feature_id, bar_probability) VALUES (37,32,0.0212765957446809);
INSERT INTO `rhythm_bar_occurrences` (rhythm_bar_id, rhythm_feature_id, bar_probability) VALUES (37,34,0.025);
INSERT INTO `rhythm_bar_occurrences` (rhythm_bar_id, rhythm_feature_id, bar_probability) VALUES (37,47,0.028985507246376812);
INSERT INTO `rhythm_bar_occurrences` (rhythm_bar_id, rhythm_feature_id, bar_probability) VALUES (38,27,0.5);
INSERT INTO `rhythm_bar_occurrences` (rhythm_bar_id, rhythm_feature_id, bar_probability) VALUES (38,30,0.3);
INSERT INTO `rhythm_bar_occurrences` (rhythm_bar_id, rhythm_feature_id, bar_probability) VALUES (38,36,0.0263157894736842);
INSERT INTO `rhythm_bar_occurrences` (rhythm_bar_id, rhythm_feature_id, bar_probability) VALUES (38,47,0.014492753623188406);
INSERT INTO `rhythm_bar_occurrences` (rhythm_bar_id, rhythm_feature_id, bar_probability) VALUES (46,23,0.6);
INSERT INTO `rhythm_bar_occurrences` (rhythm_bar_id, rhythm_feature_id, bar_probability) VALUES (46,31,0.0704845814977974);
INSERT INTO `rhythm_bar_occurrences` (rhythm_bar_id, rhythm_feature_id, bar_probability) VALUES (46,33,0.0804597701149425);
INSERT INTO `rhythm_bar_occurrences` (rhythm_bar_id, rhythm_feature_id, bar_probability) VALUES (46,35,0.0945945945945946);
INSERT INTO `rhythm_bar_occurrences` (rhythm_bar_id, rhythm_feature_id, bar_probability) VALUES (46,43,0.07692307692307693);
INSERT INTO `rhythm_bar_occurrences` (rhythm_bar_id, rhythm_feature_id, bar_probability) VALUES (46,45,0.03296703296703297);
INSERT INTO `rhythm_bar_occurrences` (rhythm_bar_id, rhythm_feature_id, bar_probability) VALUES (47,33,0.0114942528735632);
INSERT INTO `rhythm_bar_occurrences` (rhythm_bar_id, rhythm_feature_id, bar_probability) VALUES (47,35,0.0472972972972973);
INSERT INTO `rhythm_bar_occurrences` (rhythm_bar_id, rhythm_feature_id, bar_probability) VALUES (47,40,0.057692307692307696);
INSERT INTO `rhythm_bar_occurrences` (rhythm_bar_id, rhythm_feature_id, bar_probability) VALUES (47,45,0.01098901098901099);
INSERT INTO `rhythm_bar_occurrences` (rhythm_bar_id, rhythm_feature_id, bar_probability) VALUES (48,23,0.5);
INSERT INTO `rhythm_bar_occurrences` (rhythm_bar_id, rhythm_feature_id, bar_probability) VALUES (48,31,0.013215859030837);
INSERT INTO `rhythm_bar_occurrences` (rhythm_bar_id, rhythm_feature_id, bar_probability) VALUES (48,33,0.0344827586206897);
INSERT INTO `rhythm_bar_occurrences` (rhythm_bar_id, rhythm_feature_id, bar_probability) VALUES (48,35,0.0202702702702703);
INSERT INTO `rhythm_bar_occurrences` (rhythm_bar_id, rhythm_feature_id, bar_probability) VALUES (48,43,0.02564102564102564);
INSERT INTO `rhythm_bar_occurrences` (rhythm_bar_id, rhythm_feature_id, bar_probability) VALUES (49,23,0.4);
INSERT INTO `rhythm_bar_occurrences` (rhythm_bar_id, rhythm_feature_id, bar_probability) VALUES (49,33,0.0114942528735632);
INSERT INTO `rhythm_bar_occurrences` (rhythm_bar_id, rhythm_feature_id, bar_probability) VALUES (49,35,0.00675675675675676);
INSERT INTO `rhythm_bar_occurrences` (rhythm_bar_id, rhythm_feature_id, bar_probability) VALUES (50,23,0.3);
INSERT INTO `rhythm_bar_occurrences` (rhythm_bar_id, rhythm_feature_id, bar_probability) VALUES (51,23,0.3);
INSERT INTO `rhythm_bar_occurrences` (rhythm_bar_id, rhythm_feature_id, bar_probability) VALUES (51,31,0.00440528634361234);
INSERT INTO `rhythm_bar_occurrences` (rhythm_bar_id, rhythm_feature_id, bar_probability) VALUES (52,23,0.3);
INSERT INTO `rhythm_bar_occurrences` (rhythm_bar_id, rhythm_feature_id, bar_probability) VALUES (52,43,0.02564102564102564);
INSERT INTO `rhythm_bar_occurrences` (rhythm_bar_id, rhythm_feature_id, bar_probability) VALUES (53,23,0.15);
INSERT INTO `rhythm_bar_occurrences` (rhythm_bar_id, rhythm_feature_id, bar_probability) VALUES (53,31,0.00440528634361234);
INSERT INTO `rhythm_bar_occurrences` (rhythm_bar_id, rhythm_feature_id, bar_probability) VALUES (56,28,0.5);
INSERT INTO `rhythm_bar_occurrences` (rhythm_bar_id, rhythm_feature_id, bar_probability) VALUES (56,34,0.05);
INSERT INTO `rhythm_bar_occurrences` (rhythm_bar_id, rhythm_feature_id, bar_probability) VALUES (56,36,0.0131578947368421);
INSERT INTO `rhythm_bar_occurrences` (rhythm_bar_id, rhythm_feature_id, bar_probability) VALUES (56,47,0.014492753623188406);
INSERT INTO `rhythm_bar_occurrences` (rhythm_bar_id, rhythm_feature_id, bar_probability) VALUES (57,28,0.5);
INSERT INTO `rhythm_bar_occurrences` (rhythm_bar_id, rhythm_feature_id, bar_probability) VALUES (57,34,0.025);
INSERT INTO `rhythm_bar_occurrences` (rhythm_bar_id, rhythm_feature_id, bar_probability) VALUES (57,36,0.0263157894736842);
INSERT INTO `rhythm_bar_occurrences` (rhythm_bar_id, rhythm_feature_id, bar_probability) VALUES (57,41,0.04);
INSERT INTO `rhythm_bar_occurrences` (rhythm_bar_id, rhythm_feature_id, bar_probability) VALUES (57,47,0.057971014492753624);
INSERT INTO `rhythm_bar_occurrences` (rhythm_bar_id, rhythm_feature_id, bar_probability) VALUES (58,28,0.5);
INSERT INTO `rhythm_bar_occurrences` (rhythm_bar_id, rhythm_feature_id, bar_probability) VALUES (58,32,0.0212765957446809);
INSERT INTO `rhythm_bar_occurrences` (rhythm_bar_id, rhythm_feature_id, bar_probability) VALUES (58,36,0.0394736842105263);
INSERT INTO `rhythm_bar_occurrences` (rhythm_bar_id, rhythm_feature_id, bar_probability) VALUES (58,41,0.04);
INSERT INTO `rhythm_bar_occurrences` (rhythm_bar_id, rhythm_feature_id, bar_probability) VALUES (58,47,0.014492753623188406);
INSERT INTO `rhythm_bar_occurrences` (rhythm_bar_id, rhythm_feature_id, bar_probability) VALUES (59,28,0.5);
INSERT INTO `rhythm_bar_occurrences` (rhythm_bar_id, rhythm_feature_id, bar_probability) VALUES (59,32,0.106382978723404);
INSERT INTO `rhythm_bar_occurrences` (rhythm_bar_id, rhythm_feature_id, bar_probability) VALUES (59,34,0.025);
INSERT INTO `rhythm_bar_occurrences` (rhythm_bar_id, rhythm_feature_id, bar_probability) VALUES (59,36,0.0657894736842105);
INSERT INTO `rhythm_bar_occurrences` (rhythm_bar_id, rhythm_feature_id, bar_probability) VALUES (59,41,0.04);
INSERT INTO `rhythm_bar_occurrences` (rhythm_bar_id, rhythm_feature_id, bar_probability) VALUES (59,42,0.07142857142857142);
INSERT INTO `rhythm_bar_occurrences` (rhythm_bar_id, rhythm_feature_id, bar_probability) VALUES (59,47,0.028985507246376812);
INSERT INTO `rhythm_bar_occurrences` (rhythm_bar_id, rhythm_feature_id, bar_probability) VALUES (61,47,0.014492753623188406);
INSERT INTO `rhythm_bar_occurrences` (rhythm_bar_id, rhythm_feature_id, bar_probability) VALUES (62,28,0.5);
INSERT INTO `rhythm_bar_occurrences` (rhythm_bar_id, rhythm_feature_id, bar_probability) VALUES (64,28,0.5);
INSERT INTO `rhythm_bar_occurrences` (rhythm_bar_id, rhythm_feature_id, bar_probability) VALUES (64,34,0.025);
INSERT INTO `rhythm_bar_occurrences` (rhythm_bar_id, rhythm_feature_id, bar_probability) VALUES (64,36,0.0526315789473684);
INSERT INTO `rhythm_bar_occurrences` (rhythm_bar_id, rhythm_feature_id, bar_probability) VALUES (64,42,0.023809523809523808);
INSERT INTO `rhythm_bar_occurrences` (rhythm_bar_id, rhythm_feature_id, bar_probability) VALUES (64,47,0.028985507246376812);
INSERT INTO `rhythm_bar_occurrences` (rhythm_bar_id, rhythm_feature_id, bar_probability) VALUES (66,32,0.127659574468085);
INSERT INTO `rhythm_bar_occurrences` (rhythm_bar_id, rhythm_feature_id, bar_probability) VALUES (66,34,0.025);
INSERT INTO `rhythm_bar_occurrences` (rhythm_bar_id, rhythm_feature_id, bar_probability) VALUES (66,41,0.08);
INSERT INTO `rhythm_bar_occurrences` (rhythm_bar_id, rhythm_feature_id, bar_probability) VALUES (66,47,0.028985507246376812);
INSERT INTO `rhythm_bar_occurrences` (rhythm_bar_id, rhythm_feature_id, bar_probability) VALUES (67,32,0.148936170212766);
INSERT INTO `rhythm_bar_occurrences` (rhythm_bar_id, rhythm_feature_id, bar_probability) VALUES (67,34,0.1);
INSERT INTO `rhythm_bar_occurrences` (rhythm_bar_id, rhythm_feature_id, bar_probability) VALUES (67,36,0.0526315789473684);
INSERT INTO `rhythm_bar_occurrences` (rhythm_bar_id, rhythm_feature_id, bar_probability) VALUES (67,41,0.04);
INSERT INTO `rhythm_bar_occurrences` (rhythm_bar_id, rhythm_feature_id, bar_probability) VALUES (67,42,0.09523809523809523);
INSERT INTO `rhythm_bar_occurrences` (rhythm_bar_id, rhythm_feature_id, bar_probability) VALUES (67,47,0.10144927536231885);
INSERT INTO `rhythm_bar_occurrences` (rhythm_bar_id, rhythm_feature_id, bar_probability) VALUES (68,31,0.00881057268722467);
INSERT INTO `rhythm_bar_occurrences` (rhythm_bar_id, rhythm_feature_id, bar_probability) VALUES (68,33,0.0114942528735632);
INSERT INTO `rhythm_bar_occurrences` (rhythm_bar_id, rhythm_feature_id, bar_probability) VALUES (68,35,0.0337837837837838);
INSERT INTO `rhythm_bar_occurrences` (rhythm_bar_id, rhythm_feature_id, bar_probability) VALUES (68,40,0.019230769230769232);
INSERT INTO `rhythm_bar_occurrences` (rhythm_bar_id, rhythm_feature_id, bar_probability) VALUES (69,31,0.052863436123348);
INSERT INTO `rhythm_bar_occurrences` (rhythm_bar_id, rhythm_feature_id, bar_probability) VALUES (69,33,0.0229885057471264);
INSERT INTO `rhythm_bar_occurrences` (rhythm_bar_id, rhythm_feature_id, bar_probability) VALUES (69,35,0.0337837837837838);
INSERT INTO `rhythm_bar_occurrences` (rhythm_bar_id, rhythm_feature_id, bar_probability) VALUES (69,40,0.019230769230769232);
INSERT INTO `rhythm_bar_occurrences` (rhythm_bar_id, rhythm_feature_id, bar_probability) VALUES (69,43,0.02564102564102564);
INSERT INTO `rhythm_bar_occurrences` (rhythm_bar_id, rhythm_feature_id, bar_probability) VALUES (70,31,0.026431718061674);
INSERT INTO `rhythm_bar_occurrences` (rhythm_bar_id, rhythm_feature_id, bar_probability) VALUES (70,40,0.019230769230769232);
INSERT INTO `rhythm_bar_occurrences` (rhythm_bar_id, rhythm_feature_id, bar_probability) VALUES (70,43,0.02564102564102564);
INSERT INTO `rhythm_bar_occurrences` (rhythm_bar_id, rhythm_feature_id, bar_probability) VALUES (70,46,0.09090909090909091);
INSERT INTO `rhythm_bar_occurrences` (rhythm_bar_id, rhythm_feature_id, bar_probability) VALUES (71,31,0.013215859030837);
INSERT INTO `rhythm_bar_occurrences` (rhythm_bar_id, rhythm_feature_id, bar_probability) VALUES (71,33,0.0114942528735632);
INSERT INTO `rhythm_bar_occurrences` (rhythm_bar_id, rhythm_feature_id, bar_probability) VALUES (71,35,0.0202702702702703);
INSERT INTO `rhythm_bar_occurrences` (rhythm_bar_id, rhythm_feature_id, bar_probability) VALUES (71,40,0.019230769230769232);
INSERT INTO `rhythm_bar_occurrences` (rhythm_bar_id, rhythm_feature_id, bar_probability) VALUES (71,43,0.05128205128205128);
INSERT INTO `rhythm_bar_occurrences` (rhythm_bar_id, rhythm_feature_id, bar_probability) VALUES (71,45,0.04395604395604396);
INSERT INTO `rhythm_bar_occurrences` (rhythm_bar_id, rhythm_feature_id, bar_probability) VALUES (72,31,0.00440528634361234);
INSERT INTO `rhythm_bar_occurrences` (rhythm_bar_id, rhythm_feature_id, bar_probability) VALUES (72,33,0.0229885057471264);
INSERT INTO `rhythm_bar_occurrences` (rhythm_bar_id, rhythm_feature_id, bar_probability) VALUES (72,35,0.00675675675675676);
INSERT INTO `rhythm_bar_occurrences` (rhythm_bar_id, rhythm_feature_id, bar_probability) VALUES (72,40,0.019230769230769232);
INSERT INTO `rhythm_bar_occurrences` (rhythm_bar_id, rhythm_feature_id, bar_probability) VALUES (72,43,0.02564102564102564);
INSERT INTO `rhythm_bar_occurrences` (rhythm_bar_id, rhythm_feature_id, bar_probability) VALUES (73,31,0.00440528634361234);
INSERT INTO `rhythm_bar_occurrences` (rhythm_bar_id, rhythm_feature_id, bar_probability) VALUES (74,31,0.00881057268722467);
INSERT INTO `rhythm_bar_occurrences` (rhythm_bar_id, rhythm_feature_id, bar_probability) VALUES (74,33,0.0114942528735632);
INSERT INTO `rhythm_bar_occurrences` (rhythm_bar_id, rhythm_feature_id, bar_probability) VALUES (75,31,0.00440528634361234);
INSERT INTO `rhythm_bar_occurrences` (rhythm_bar_id, rhythm_feature_id, bar_probability) VALUES (76,32,0.0425531914893617);
INSERT INTO `rhythm_bar_occurrences` (rhythm_bar_id, rhythm_feature_id, bar_probability) VALUES (76,34,0.025);
INSERT INTO `rhythm_bar_occurrences` (rhythm_bar_id, rhythm_feature_id, bar_probability) VALUES (76,36,0.0131578947368421);
INSERT INTO `rhythm_bar_occurrences` (rhythm_bar_id, rhythm_feature_id, bar_probability) VALUES (78,32,0.0212765957446809);
INSERT INTO `rhythm_bar_occurrences` (rhythm_bar_id, rhythm_feature_id, bar_probability) VALUES (78,36,0.0263157894736842);
INSERT INTO `rhythm_bar_occurrences` (rhythm_bar_id, rhythm_feature_id, bar_probability) VALUES (78,47,0.028985507246376812);
INSERT INTO `rhythm_bar_occurrences` (rhythm_bar_id, rhythm_feature_id, bar_probability) VALUES (79,32,0.0212765957446809);
INSERT INTO `rhythm_bar_occurrences` (rhythm_bar_id, rhythm_feature_id, bar_probability) VALUES (79,47,0.014492753623188406);
INSERT INTO `rhythm_bar_occurrences` (rhythm_bar_id, rhythm_feature_id, bar_probability) VALUES (80,32,0.0212765957446809);
INSERT INTO `rhythm_bar_occurrences` (rhythm_bar_id, rhythm_feature_id, bar_probability) VALUES (80,41,0.04);
INSERT INTO `rhythm_bar_occurrences` (rhythm_bar_id, rhythm_feature_id, bar_probability) VALUES (81,32,0.0212765957446809);
INSERT INTO `rhythm_bar_occurrences` (rhythm_bar_id, rhythm_feature_id, bar_probability) VALUES (81,34,0.025);
INSERT INTO `rhythm_bar_occurrences` (rhythm_bar_id, rhythm_feature_id, bar_probability) VALUES (82,32,0.0212765957446809);
INSERT INTO `rhythm_bar_occurrences` (rhythm_bar_id, rhythm_feature_id, bar_probability) VALUES (83,31,0.00440528634361234);
INSERT INTO `rhythm_bar_occurrences` (rhythm_bar_id, rhythm_feature_id, bar_probability) VALUES (84,33,0.0114942528735632);
INSERT INTO `rhythm_bar_occurrences` (rhythm_bar_id, rhythm_feature_id, bar_probability) VALUES (84,43,0.02564102564102564);
INSERT INTO `rhythm_bar_occurrences` (rhythm_bar_id, rhythm_feature_id, bar_probability) VALUES (85,33,0.0114942528735632);
INSERT INTO `rhythm_bar_occurrences` (rhythm_bar_id, rhythm_feature_id, bar_probability) VALUES (85,35,0.00675675675675676);
INSERT INTO `rhythm_bar_occurrences` (rhythm_bar_id, rhythm_feature_id, bar_probability) VALUES (86,33,0.0229885057471264);
INSERT INTO `rhythm_bar_occurrences` (rhythm_bar_id, rhythm_feature_id, bar_probability) VALUES (87,33,0.0114942528735632);
INSERT INTO `rhythm_bar_occurrences` (rhythm_bar_id, rhythm_feature_id, bar_probability) VALUES (88,33,0.0229885057471264);
INSERT INTO `rhythm_bar_occurrences` (rhythm_bar_id, rhythm_feature_id, bar_probability) VALUES (88,35,0.0135135135135135);
INSERT INTO `rhythm_bar_occurrences` (rhythm_bar_id, rhythm_feature_id, bar_probability) VALUES (88,40,0.038461538461538464);
INSERT INTO `rhythm_bar_occurrences` (rhythm_bar_id, rhythm_feature_id, bar_probability) VALUES (88,43,0.02564102564102564);
INSERT INTO `rhythm_bar_occurrences` (rhythm_bar_id, rhythm_feature_id, bar_probability) VALUES (89,34,0.025);
INSERT INTO `rhythm_bar_occurrences` (rhythm_bar_id, rhythm_feature_id, bar_probability) VALUES (90,34,0.025);
INSERT INTO `rhythm_bar_occurrences` (rhythm_bar_id, rhythm_feature_id, bar_probability) VALUES (91,34,0.025);
INSERT INTO `rhythm_bar_occurrences` (rhythm_bar_id, rhythm_feature_id, bar_probability) VALUES (91,36,0.0131578947368421);
INSERT INTO `rhythm_bar_occurrences` (rhythm_bar_id, rhythm_feature_id, bar_probability) VALUES (92,34,0.075);
INSERT INTO `rhythm_bar_occurrences` (rhythm_bar_id, rhythm_feature_id, bar_probability) VALUES (93,34,0.025);
INSERT INTO `rhythm_bar_occurrences` (rhythm_bar_id, rhythm_feature_id, bar_probability) VALUES (93,36,0.0394736842105263);
INSERT INTO `rhythm_bar_occurrences` (rhythm_bar_id, rhythm_feature_id, bar_probability) VALUES (93,42,0.023809523809523808);
INSERT INTO `rhythm_bar_occurrences` (rhythm_bar_id, rhythm_feature_id, bar_probability) VALUES (94,34,0.025);
INSERT INTO `rhythm_bar_occurrences` (rhythm_bar_id, rhythm_feature_id, bar_probability) VALUES (95,34,0.025);
INSERT INTO `rhythm_bar_occurrences` (rhythm_bar_id, rhythm_feature_id, bar_probability) VALUES (95,36,0.0131578947368421);
INSERT INTO `rhythm_bar_occurrences` (rhythm_bar_id, rhythm_feature_id, bar_probability) VALUES (96,34,0.025);
INSERT INTO `rhythm_bar_occurrences` (rhythm_bar_id, rhythm_feature_id, bar_probability) VALUES (97,34,0.025);
INSERT INTO `rhythm_bar_occurrences` (rhythm_bar_id, rhythm_feature_id, bar_probability) VALUES (98,34,0.025);
INSERT INTO `rhythm_bar_occurrences` (rhythm_bar_id, rhythm_feature_id, bar_probability) VALUES (98,36,0.0263157894736842);
INSERT INTO `rhythm_bar_occurrences` (rhythm_bar_id, rhythm_feature_id, bar_probability) VALUES (98,41,0.04);
INSERT INTO `rhythm_bar_occurrences` (rhythm_bar_id, rhythm_feature_id, bar_probability) VALUES (98,42,0.047619047619047616);
INSERT INTO `rhythm_bar_occurrences` (rhythm_bar_id, rhythm_feature_id, bar_probability) VALUES (98,47,0.043478260869565216);
INSERT INTO `rhythm_bar_occurrences` (rhythm_bar_id, rhythm_feature_id, bar_probability) VALUES (99,34,0.025);
INSERT INTO `rhythm_bar_occurrences` (rhythm_bar_id, rhythm_feature_id, bar_probability) VALUES (99,36,0.0263157894736842);
INSERT INTO `rhythm_bar_occurrences` (rhythm_bar_id, rhythm_feature_id, bar_probability) VALUES (99,41,0.08);
INSERT INTO `rhythm_bar_occurrences` (rhythm_bar_id, rhythm_feature_id, bar_probability) VALUES (99,42,0.023809523809523808);
INSERT INTO `rhythm_bar_occurrences` (rhythm_bar_id, rhythm_feature_id, bar_probability) VALUES (100,34,0.025);
INSERT INTO `rhythm_bar_occurrences` (rhythm_bar_id, rhythm_feature_id, bar_probability) VALUES (101,34,0.025);
INSERT INTO `rhythm_bar_occurrences` (rhythm_bar_id, rhythm_feature_id, bar_probability) VALUES (101,41,0.04);
INSERT INTO `rhythm_bar_occurrences` (rhythm_bar_id, rhythm_feature_id, bar_probability) VALUES (101,47,0.014492753623188406);
INSERT INTO `rhythm_bar_occurrences` (rhythm_bar_id, rhythm_feature_id, bar_probability) VALUES (102,34,0.025);
INSERT INTO `rhythm_bar_occurrences` (rhythm_bar_id, rhythm_feature_id, bar_probability) VALUES (103,33,0.0114942528735632);
INSERT INTO `rhythm_bar_occurrences` (rhythm_bar_id, rhythm_feature_id, bar_probability) VALUES (103,35,0.00675675675675676);
INSERT INTO `rhythm_bar_occurrences` (rhythm_bar_id, rhythm_feature_id, bar_probability) VALUES (104,33,0.0114942528735632);
INSERT INTO `rhythm_bar_occurrences` (rhythm_bar_id, rhythm_feature_id, bar_probability) VALUES (104,35,0.0135135135135135);
INSERT INTO `rhythm_bar_occurrences` (rhythm_bar_id, rhythm_feature_id, bar_probability) VALUES (104,45,0.01098901098901099);
INSERT INTO `rhythm_bar_occurrences` (rhythm_bar_id, rhythm_feature_id, bar_probability) VALUES (105,35,0.00675675675675676);
INSERT INTO `rhythm_bar_occurrences` (rhythm_bar_id, rhythm_feature_id, bar_probability) VALUES (106,35,0.00675675675675676);
INSERT INTO `rhythm_bar_occurrences` (rhythm_bar_id, rhythm_feature_id, bar_probability) VALUES (107,35,0.00675675675675676);
INSERT INTO `rhythm_bar_occurrences` (rhythm_bar_id, rhythm_feature_id, bar_probability) VALUES (108,35,0.00675675675675676);
INSERT INTO `rhythm_bar_occurrences` (rhythm_bar_id, rhythm_feature_id, bar_probability) VALUES (109,35,0.00675675675675676);
INSERT INTO `rhythm_bar_occurrences` (rhythm_bar_id, rhythm_feature_id, bar_probability) VALUES (110,35,0.0945945945945946);
INSERT INTO `rhythm_bar_occurrences` (rhythm_bar_id, rhythm_feature_id, bar_probability) VALUES (110,40,0.019230769230769232);
INSERT INTO `rhythm_bar_occurrences` (rhythm_bar_id, rhythm_feature_id, bar_probability) VALUES (110,45,0.01098901098901099);
INSERT INTO `rhythm_bar_occurrences` (rhythm_bar_id, rhythm_feature_id, bar_probability) VALUES (111,35,0.00675675675675676);
INSERT INTO `rhythm_bar_occurrences` (rhythm_bar_id, rhythm_feature_id, bar_probability) VALUES (112,35,0.00675675675675676);
INSERT INTO `rhythm_bar_occurrences` (rhythm_bar_id, rhythm_feature_id, bar_probability) VALUES (113,35,0.00675675675675676);
INSERT INTO `rhythm_bar_occurrences` (rhythm_bar_id, rhythm_feature_id, bar_probability) VALUES (114,35,0.00675675675675676);
INSERT INTO `rhythm_bar_occurrences` (rhythm_bar_id, rhythm_feature_id, bar_probability) VALUES (115,35,0.00675675675675676);
INSERT INTO `rhythm_bar_occurrences` (rhythm_bar_id, rhythm_feature_id, bar_probability) VALUES (116,35,0.00675675675675676);
INSERT INTO `rhythm_bar_occurrences` (rhythm_bar_id, rhythm_feature_id, bar_probability) VALUES (117,35,0.00675675675675676);
INSERT INTO `rhythm_bar_occurrences` (rhythm_bar_id, rhythm_feature_id, bar_probability) VALUES (118,35,0.00675675675675676);
INSERT INTO `rhythm_bar_occurrences` (rhythm_bar_id, rhythm_feature_id, bar_probability) VALUES (119,36,0.184210526315789);
INSERT INTO `rhythm_bar_occurrences` (rhythm_bar_id, rhythm_feature_id, bar_probability) VALUES (119,47,0.10144927536231885);
INSERT INTO `rhythm_bar_occurrences` (rhythm_bar_id, rhythm_feature_id, bar_probability) VALUES (120,36,0.0263157894736842);
INSERT INTO `rhythm_bar_occurrences` (rhythm_bar_id, rhythm_feature_id, bar_probability) VALUES (120,42,0.023809523809523808);
INSERT INTO `rhythm_bar_occurrences` (rhythm_bar_id, rhythm_feature_id, bar_probability) VALUES (121,36,0.0526315789473684);
INSERT INTO `rhythm_bar_occurrences` (rhythm_bar_id, rhythm_feature_id, bar_probability) VALUES (121,42,0.023809523809523808);
INSERT INTO `rhythm_bar_occurrences` (rhythm_bar_id, rhythm_feature_id, bar_probability) VALUES (121,44,0.16666666666666666);
INSERT INTO `rhythm_bar_occurrences` (rhythm_bar_id, rhythm_feature_id, bar_probability) VALUES (121,47,0.014492753623188406);
INSERT INTO `rhythm_bar_occurrences` (rhythm_bar_id, rhythm_feature_id, bar_probability) VALUES (122,36,0.0131578947368421);
INSERT INTO `rhythm_bar_occurrences` (rhythm_bar_id, rhythm_feature_id, bar_probability) VALUES (122,42,0.023809523809523808);
INSERT INTO `rhythm_bar_occurrences` (rhythm_bar_id, rhythm_feature_id, bar_probability) VALUES (123,36,0.0131578947368421);
INSERT INTO `rhythm_bar_occurrences` (rhythm_bar_id, rhythm_feature_id, bar_probability) VALUES (124,36,0.0131578947368421);
INSERT INTO `rhythm_bar_occurrences` (rhythm_bar_id, rhythm_feature_id, bar_probability) VALUES (125,36,0.0131578947368421);
INSERT INTO `rhythm_bar_occurrences` (rhythm_bar_id, rhythm_feature_id, bar_probability) VALUES (125,44,0.16666666666666666);
INSERT INTO `rhythm_bar_occurrences` (rhythm_bar_id, rhythm_feature_id, bar_probability) VALUES (126,36,0.0263157894736842);
INSERT INTO `rhythm_bar_occurrences` (rhythm_bar_id, rhythm_feature_id, bar_probability) VALUES (126,41,0.04);
INSERT INTO `rhythm_bar_occurrences` (rhythm_bar_id, rhythm_feature_id, bar_probability) VALUES (127,36,0.0131578947368421);
INSERT INTO `rhythm_bar_occurrences` (rhythm_bar_id, rhythm_feature_id, bar_probability) VALUES (128,36,0.0131578947368421);
INSERT INTO `rhythm_bar_occurrences` (rhythm_bar_id, rhythm_feature_id, bar_probability) VALUES (129,36,0.0131578947368421);
INSERT INTO `rhythm_bar_occurrences` (rhythm_bar_id, rhythm_feature_id, bar_probability) VALUES (130,36,0.0131578947368421);
INSERT INTO `rhythm_bar_occurrences` (rhythm_bar_id, rhythm_feature_id, bar_probability) VALUES (130,42,0.047619047619047616);
INSERT INTO `rhythm_bar_occurrences` (rhythm_bar_id, rhythm_feature_id, bar_probability) VALUES (134,40,0.019230769230769232);
INSERT INTO `rhythm_bar_occurrences` (rhythm_bar_id, rhythm_feature_id, bar_probability) VALUES (135,40,0.019230769230769232);
INSERT INTO `rhythm_bar_occurrences` (rhythm_bar_id, rhythm_feature_id, bar_probability) VALUES (136,40,0.019230769230769232);
INSERT INTO `rhythm_bar_occurrences` (rhythm_bar_id, rhythm_feature_id, bar_probability) VALUES (137,40,0.019230769230769232);
INSERT INTO `rhythm_bar_occurrences` (rhythm_bar_id, rhythm_feature_id, bar_probability) VALUES (138,40,0.038461538461538464);
INSERT INTO `rhythm_bar_occurrences` (rhythm_bar_id, rhythm_feature_id, bar_probability) VALUES (138,45,0.01098901098901099);
INSERT INTO `rhythm_bar_occurrences` (rhythm_bar_id, rhythm_feature_id, bar_probability) VALUES (139,40,0.019230769230769232);
INSERT INTO `rhythm_bar_occurrences` (rhythm_bar_id, rhythm_feature_id, bar_probability) VALUES (139,45,0.01098901098901099);
INSERT INTO `rhythm_bar_occurrences` (rhythm_bar_id, rhythm_feature_id, bar_probability) VALUES (140,40,0.019230769230769232);
INSERT INTO `rhythm_bar_occurrences` (rhythm_bar_id, rhythm_feature_id, bar_probability) VALUES (141,40,0.019230769230769232);
INSERT INTO `rhythm_bar_occurrences` (rhythm_bar_id, rhythm_feature_id, bar_probability) VALUES (142,40,0.019230769230769232);
INSERT INTO `rhythm_bar_occurrences` (rhythm_bar_id, rhythm_feature_id, bar_probability) VALUES (142,43,0.02564102564102564);
INSERT INTO `rhythm_bar_occurrences` (rhythm_bar_id, rhythm_feature_id, bar_probability) VALUES (143,40,0.019230769230769232);
INSERT INTO `rhythm_bar_occurrences` (rhythm_bar_id, rhythm_feature_id, bar_probability) VALUES (143,43,0.02564102564102564);
INSERT INTO `rhythm_bar_occurrences` (rhythm_bar_id, rhythm_feature_id, bar_probability) VALUES (144,40,0.019230769230769232);
INSERT INTO `rhythm_bar_occurrences` (rhythm_bar_id, rhythm_feature_id, bar_probability) VALUES (145,40,0.019230769230769232);
INSERT INTO `rhythm_bar_occurrences` (rhythm_bar_id, rhythm_feature_id, bar_probability) VALUES (146,40,0.019230769230769232);
INSERT INTO `rhythm_bar_occurrences` (rhythm_bar_id, rhythm_feature_id, bar_probability) VALUES (146,45,0.06593406593406594);
INSERT INTO `rhythm_bar_occurrences` (rhythm_bar_id, rhythm_feature_id, bar_probability) VALUES (146,46,0.09090909090909091);
INSERT INTO `rhythm_bar_occurrences` (rhythm_bar_id, rhythm_feature_id, bar_probability) VALUES (147,41,0.04);
INSERT INTO `rhythm_bar_occurrences` (rhythm_bar_id, rhythm_feature_id, bar_probability) VALUES (148,41,0.04);
INSERT INTO `rhythm_bar_occurrences` (rhythm_bar_id, rhythm_feature_id, bar_probability) VALUES (149,41,0.04);
INSERT INTO `rhythm_bar_occurrences` (rhythm_bar_id, rhythm_feature_id, bar_probability) VALUES (150,41,0.04);
INSERT INTO `rhythm_bar_occurrences` (rhythm_bar_id, rhythm_feature_id, bar_probability) VALUES (151,41,0.04);
INSERT INTO `rhythm_bar_occurrences` (rhythm_bar_id, rhythm_feature_id, bar_probability) VALUES (152,41,0.04);
INSERT INTO `rhythm_bar_occurrences` (rhythm_bar_id, rhythm_feature_id, bar_probability) VALUES (153,41,0.04);
INSERT INTO `rhythm_bar_occurrences` (rhythm_bar_id, rhythm_feature_id, bar_probability) VALUES (154,41,0.04);
INSERT INTO `rhythm_bar_occurrences` (rhythm_bar_id, rhythm_feature_id, bar_probability) VALUES (155,43,0.02564102564102564);
INSERT INTO `rhythm_bar_occurrences` (rhythm_bar_id, rhythm_feature_id, bar_probability) VALUES (156,43,0.02564102564102564);
INSERT INTO `rhythm_bar_occurrences` (rhythm_bar_id, rhythm_feature_id, bar_probability) VALUES (157,42,0.047619047619047616);
INSERT INTO `rhythm_bar_occurrences` (rhythm_bar_id, rhythm_feature_id, bar_probability) VALUES (158,42,0.023809523809523808);
INSERT INTO `rhythm_bar_occurrences` (rhythm_bar_id, rhythm_feature_id, bar_probability) VALUES (159,42,0.023809523809523808);
INSERT INTO `rhythm_bar_occurrences` (rhythm_bar_id, rhythm_feature_id, bar_probability) VALUES (160,42,0.023809523809523808);
INSERT INTO `rhythm_bar_occurrences` (rhythm_bar_id, rhythm_feature_id, bar_probability) VALUES (161,42,0.023809523809523808);
INSERT INTO `rhythm_bar_occurrences` (rhythm_bar_id, rhythm_feature_id, bar_probability) VALUES (162,42,0.023809523809523808);
INSERT INTO `rhythm_bar_occurrences` (rhythm_bar_id, rhythm_feature_id, bar_probability) VALUES (163,42,0.023809523809523808);
INSERT INTO `rhythm_bar_occurrences` (rhythm_bar_id, rhythm_feature_id, bar_probability) VALUES (164,42,0.023809523809523808);
INSERT INTO `rhythm_bar_occurrences` (rhythm_bar_id, rhythm_feature_id, bar_probability) VALUES (165,42,0.023809523809523808);
INSERT INTO `rhythm_bar_occurrences` (rhythm_bar_id, rhythm_feature_id, bar_probability) VALUES (166,42,0.023809523809523808);
INSERT INTO `rhythm_bar_occurrences` (rhythm_bar_id, rhythm_feature_id, bar_probability) VALUES (167,42,0.023809523809523808);
INSERT INTO `rhythm_bar_occurrences` (rhythm_bar_id, rhythm_feature_id, bar_probability) VALUES (167,44,0.16666666666666666);
INSERT INTO `rhythm_bar_occurrences` (rhythm_bar_id, rhythm_feature_id, bar_probability) VALUES (168,42,0.023809523809523808);
INSERT INTO `rhythm_bar_occurrences` (rhythm_bar_id, rhythm_feature_id, bar_probability) VALUES (168,44,0.16666666666666666);
INSERT INTO `rhythm_bar_occurrences` (rhythm_bar_id, rhythm_feature_id, bar_probability) VALUES (169,45,0.02197802197802198);
INSERT INTO `rhythm_bar_occurrences` (rhythm_bar_id, rhythm_feature_id, bar_probability) VALUES (170,45,0.054945054945054944);
INSERT INTO `rhythm_bar_occurrences` (rhythm_bar_id, rhythm_feature_id, bar_probability) VALUES (170,46,0.09090909090909091);
INSERT INTO `rhythm_bar_occurrences` (rhythm_bar_id, rhythm_feature_id, bar_probability) VALUES (171,45,0.01098901098901099);
INSERT INTO `rhythm_bar_occurrences` (rhythm_bar_id, rhythm_feature_id, bar_probability) VALUES (172,45,0.01098901098901099);
INSERT INTO `rhythm_bar_occurrences` (rhythm_bar_id, rhythm_feature_id, bar_probability) VALUES (173,45,0.01098901098901099);
INSERT INTO `rhythm_bar_occurrences` (rhythm_bar_id, rhythm_feature_id, bar_probability) VALUES (174,45,0.03296703296703297);
INSERT INTO `rhythm_bar_occurrences` (rhythm_bar_id, rhythm_feature_id, bar_probability) VALUES (175,45,0.03296703296703297);
INSERT INTO `rhythm_bar_occurrences` (rhythm_bar_id, rhythm_feature_id, bar_probability) VALUES (175,46,0.09090909090909091);
INSERT INTO `rhythm_bar_occurrences` (rhythm_bar_id, rhythm_feature_id, bar_probability) VALUES (176,45,0.01098901098901099);
INSERT INTO `rhythm_bar_occurrences` (rhythm_bar_id, rhythm_feature_id, bar_probability) VALUES (177,45,0.01098901098901099);
INSERT INTO `rhythm_bar_occurrences` (rhythm_bar_id, rhythm_feature_id, bar_probability) VALUES (178,45,0.01098901098901099);
INSERT INTO `rhythm_bar_occurrences` (rhythm_bar_id, rhythm_feature_id, bar_probability) VALUES (179,45,0.01098901098901099);
INSERT INTO `rhythm_bar_occurrences` (rhythm_bar_id, rhythm_feature_id, bar_probability) VALUES (180,45,0.01098901098901099);
INSERT INTO `rhythm_bar_occurrences` (rhythm_bar_id, rhythm_feature_id, bar_probability) VALUES (181,47,0.014492753623188406);
INSERT INTO `rhythm_bar_occurrences` (rhythm_bar_id, rhythm_feature_id, bar_probability) VALUES (182,47,0.11594202898550725);
INSERT INTO `rhythm_bar_occurrences` (rhythm_bar_id, rhythm_feature_id, bar_probability) VALUES (183,47,0.014492753623188406);
INSERT INTO `rhythm_bar_occurrences` (rhythm_bar_id, rhythm_feature_id, bar_probability) VALUES (184,47,0.014492753623188406);
INSERT INTO `rhythm_bar_occurrences` (rhythm_bar_id, rhythm_feature_id, bar_probability) VALUES (185,47,0.014492753623188406);
INSERT INTO `rhythm_bar_occurrences` (rhythm_bar_id, rhythm_feature_id, bar_probability) VALUES (186,47,0.014492753623188406);
INSERT INTO `rhythm_bar_occurrences` (rhythm_bar_id, rhythm_feature_id, bar_probability) VALUES (187,47,0.014492753623188406);
INSERT INTO `rhythm_bar_occurrences` (rhythm_bar_id, rhythm_feature_id, bar_probability) VALUES (188,47,0.014492753623188406);
INSERT INTO `rhythm_bar_occurrences` (rhythm_bar_id, rhythm_feature_id, bar_probability) VALUES (189,47,0.014492753623188406);
INSERT INTO `rhythm_bar_occurrences` (rhythm_bar_id, rhythm_feature_id, bar_probability) VALUES (190,47,0.014492753623188406);
INSERT INTO `rhythm_bar_occurrences` (rhythm_bar_id, rhythm_feature_id, bar_probability) VALUES (191,47,0.014492753623188406);
INSERT INTO `rhythm_bar_occurrences` (rhythm_bar_id, rhythm_feature_id, bar_probability) VALUES (192,47,0.014492753623188406);
*/
